title,published,link
Analysis: Surging oil drives worries for US stock investors - Maryland Daily Record,"Mon, 09 Mar 2026 20:14:19 GMT",https://news.google.com/rss/articles/CBMijgFBVV95cUxOZS1IZGNNRWtaNmVjb1psajc3eFJLTS1oODJOcmMzanMyVS1XbVV2SjU4cGpRVVZ2YmxmdEZxZk52YXVaTmR2UjdJcVhSSEtPMW9WZzgtOHk3RWF0RVk2UlpTblVOMXVTanZkVmxENGMxZUVRQ0VtMkVVb3lTT2VDMzd0YTZKSFVwd1VyU1F3?oc=5
Stocks stage massive upside reversal as oil plunges after Trump says Iran war 'could be over soon' - Fortune,"Mon, 09 Mar 2026 20:55:04 GMT",https://news.google.com/rss/articles/CBMirwFBVV95cUxQM05IaXUzeU9jNFFibGFEdG92OE5URVE2eHlMc2JjZXZMWHJTcDR0Si04MENwMDF0TEVPcEVUMk9BeUxvMXpjSjNmaHBqdjFNU3NmYTlGcko1elJmOWx5dFJ3YlplNU1USDJvZVY2eWdIbWpESTZJNlFKeVRnbElQd19LdVlEcExONFRmenI4VEpjaUVTWGZjaF9vaFlDWWJjSEdEc2hMVzFMMGFoX2J3?oc=5
"Dow Jones Futures Tumble; Oil Surges Above $100, But Off Extremes As G-7 Mulls Crude Reserves Release - Investor's Business Daily","Mon, 09 Mar 2026 13:17:00 GMT",https://news.google.com/rss/articles/CBMisAFBVV95cUxQYUE2SG5FX0ZoZ2pFS0ZwY2pKa3BDckJaLU90bzhvcGJoMTBIN0ZCR05yTEpXQThDQU5PRUFlX3l3bWxQbnRhZzhuUXNHbDBJNFNsU3dlU296ZTFCY2dnaTBLWXJRaFJmN0JtcEZFOTlicEpCSTUtTzFPQTV5VEdpRGhmbExoei1zcEl3cDVHWTVsenl1MEdOSUFrQjNwZ1hIVXpGeWJJcXdxNENWSVpaeA?oc=5
"Iran war boosts oil price, but oil major shares are stuck on the sidelines - Reuters","Mon, 09 Mar 2026 19:36:27 GMT",https://news.google.com/rss/articles/CBMi2wFBVV95cUxNOGozVlNTOWJSMUdGTXU1VnowUFlwYXBxdWNSNE5ISk5fZ3h6NC1QM3FfcmtlSWNlS0V2b2JCT0tya3Y5cVBuQnFtZElXaEpPMDNLYjBZSXFKQzRmSjlQOFBac29Mc240Y3B0MlhreWRyY0RnTUY1cmR5V25yUWNSWm1DMzdYWGg0VFhtY29waXJTc2ZkSUtyUkhTVndTc3VhcUFjMENYVEdQTmtTNW1ib0N2SE5PbEdFVmZrX0hNcXRVcDNWQ0pabm1EQzVMd2UzWkVEUmhVakUyVTA?oc=5
"Stock Market Today Review: SPY, QQQ Shake Off Surging Oil Prices and Inflation Concerns - TipRanks","Mon, 09 Mar 2026 20:26:15 GMT",https://news.google.com/rss/articles/CBMitgFBVV95cUxNYkdTSW9OR21tZUZDcEZnQk9KbDFWNXc3WHJDZDBiUEpEQWYzY3gxYVNOR1pMZ2tqeldYaHAxV19zZndZR0pYVDR2TFQwb1Q3Tmwya1FCbTlaOTIza3ZmTFdkRjRDNngzZDRWbFJPN1dTdWl5Z2o2VkFSSmJTSFE5SWtMc3ZwOW5nWElseWgxN1lqOG5HX0dkR1RpQzVzWXp6SUNGMGhGOU51bWZHaF9pbVRwSDVzZw?oc=5
Oil Tops $110 as Iran War Forces More Gulf Giants to Cut Output - Bloomberg.com,"Mon, 09 Mar 2026 20:07:18 GMT",https://news.google.com/rss/articles/CBMinwFBVV95cUxNMWRJNnBldUx4S2tKTHg5SmRSaWdkUGFKbG1XSWVFNDVpLWs0YTV4WVpaSDZfbGNIbS1ZMnlLQUNSQ3F4dkZFMmpDRmExbks2TU02QkNpRnRwWUVudTRCeHdMNTNYSU1YeE1fcWt4ckMzWHJBZEFsRUlHdVVBQ3VpaGM5OWlhcDNJVk9IY3o4b1VTVDZuNlVmMVhYT2VJeFE?oc=5
US Stock Market Today: S&P 500 Futures Fall On Higher Yields And Oil Surge - simplywall.st,"Mon, 09 Mar 2026 10:40:07 GMT",https://news.google.com/rss/articles/CBMizAFBVV95cUxQZ0I0Rl9IcVhPUHloLWVFSjJKQjNOMUZPVWI1NnM2ckVmOURCWGpHTVhzaE54NWNybnlielJqb2FlRGVzOEFEMkVvcEdPX0RjMGR4ZGJhak1oSTFhT2lJRDVqRF9zdkRlZFFTUk1VLWdaYnNJWUgxMlR2dVZRU2NTUjc2UWplQzNadS1aQlVCTlVNcGRvdFljTU1OT2E0YkpJN3lQalptTnZtb1gxX0paY0xmOWxlSTd0QnR4SnBpSzRYM3dVUXprUU5WOG7SAdIBQVVfeXFMTmxodkRFWkFzbGVCY1h4QlJyYW5jN1R5SnJJc1lKREhxX2RQODZ0Sml2SjVXUTBaZWY4eTI0ZXE1SDV0YmNxNXl3WDhpQ2g1aTlHdW85aDkxRkVHS1RMZnB6bnY2Q3RDdVBJT01iUG9BWkdDVDZKMGtQWjlxcWc4VEtXeU01WWVibnIzN3owa1NMX2hfTTdQUFc0aGh2UmRPczF4OUIwMUFaaEhNeHlmNUlmRmJocEtvNHNZXzF5RFZRX2c3NHYxZU5NVzBPMXVGQ0dR?oc=5
Stock Market Today: Stock Market News And Analysis - Investor's Business Daily,"Mon, 09 Mar 2026 15:33:00 GMT",https://news.google.com/rss/articles/CBMid0FVX3lxTE8zdGl1MmxTM2JJa2pLNlFSWVhuZUd1ekRIeVpDcGVqckVJcloxaWlnRHJ3b0hqb291NXk4dlo0SmRQNlhDaGpubDh6ZWNTUHZiYVhjOVJINUxSYXE0NHRiNVE2OW51R2h4N1daaXRIdzVBR1UxT0g4?oc=5
‘Sky is the limit’: Analysts warn oil prices could surge further - CNBC,"Mon, 09 Mar 2026 10:10:48 GMT",https://news.google.com/rss/articles/CBMimwFBVV95cUxOcDI3TjJMNjhudkJ4eUN4bUNreDZpWV90R1lHTERmTTU2WjlqTEM2WlEwcEpzTTl5MHRVUFIta2tCbmFsN0lVeU11MDVwcU8teUR4RVpvVzVyWW93elpBdm5mbXdFS1IxaGMzVTBCSXpfODExazVqaVZMQWFJZTNqZks3QjZ3MlM3LVJLdE5hWHcycGd4VVBydjdfONIBoAFBVV95cUxNSVBwMUFOaU1SNDNHVlpXLWRFcHl0SWsyMjBReVh4LV9oTEs3aGFNQkMzSWNCcU9oVTB3Z2c3NHMzb3dGZUNQQkdoYkJwZmFTNnpQQVRncF9LdzhDTW5mMDdTWDRqMTZjeEUwNnduX3l3QUtZUkFLTVlvZEktLWZ6R3ZEMUtBZndleTdCcU5YX3o2NWZMQ2Vnbnp2V1BwVG0z?oc=5
The U.S.-Iran war is the biggest oil supply disruption in history - CNBC,"Mon, 09 Mar 2026 13:43:55 GMT",https://news.google.com/rss/articles/CBMiogFBVV95cUxQdC16a3BZVHpWX3BuLS0tejhMVzBvdGp1b1FzQVZya0JTMnNvRF9KT1dHV2dKNmp4enVfaVJrUkk4WFh1VzBHZWh1SW9haVNHWUhLdXMwR2hTc1pNOFFaNFd1SFRhZ2tVb1FYb1JURzZfZEoySzZBNVlGV2xZOHNHdUEyWTZfaVpoaVNFZnd2V3AwbUNHZlotcXZfbjJDYVRLVVHSAacBQVVfeXFMTmdrU0xjbXROQzJ1TTAyOWNNQ3Q5bjI5Y21UalNadENkVS1ObkF0QlVkTVYwUkFiMTNUb1owam9VTW9DeWJDU2RjSnItWC03anNNUTFwaVRxcHc2cXpXdHY0ZEVDSzg2NDJydnh3dTdsTWRUWDhzWU8xeDBQbXI5V0Z6Z2VTY2sxUnlITVFVVDM2dXJvTzNlRzEtOEMyZi0ycURKLXlENE0?oc=5
Stock Market Falls As Oil Prices Skyrocket On Iran Conflict: Weekly Review - Investor's Business Daily,"Fri, 06 Mar 2026 17:05:00 GMT",https://news.google.com/rss/articles/CBMijgFBVV95cUxOWExfUHdHMlNZcGIwUWEwbGMyQWxDRVNKb0VtUTl3ekRuN0tqdXZ3ZXFSNnRiSDhuVUJ6Mzc0QW5lWXNnRW9OQkVjZUlwTzh2VFVTQmlBZm9NWmFvV0NuakhJZGRFZGhzTWdsbTI1alctdEhRZGlqb191Q0U1TENFYm1TcmdCRHdfZ2djenJn?oc=5
U.S. oil closes slightly higher near $95 per barrel after spiking as high as $119 earlier in session - CNBC,"Sun, 08 Mar 2026 22:03:49 GMT",https://news.google.com/rss/articles/CBMid0FVX3lxTFAwSEUyYV9SNG1sZ1J4S0g1czAtMFl4aTVkV0tQZ3h2c1hLcUdDV1F1X3cxYVVaZ3JWaGRUeFUzemFuckhGWllDS0VCeTJ6Nl8tUU10bmJQNkNXNVcyT2YtQUI4T2lRLUN0SUp1Sjh6RlA0b00zWnlV0gF8QVVfeXFMTUtWZGpnR2p6T0lmanczU0tVUmhYZlZJR3NORVFIWklWV3JNcVJDNDMxRDJiNDJCcXBFVnNOeTAtRWhxd0hwMVhaUVQ0bkVoT1ZRTERTTkUweFUxMTZRdXRmSk45RXpKbk9hSzdlbVVRVGZJSGc0Z3UwbWx3dg?oc=5
Dow Jones Futures Fall As Oil Keeps Surging On Iran Conflict; Jobs Report On Tap - Investor's Business Daily,"Fri, 06 Mar 2026 12:50:00 GMT",https://news.google.com/rss/articles/CBMitgFBVV95cUxPanhHcEFJVHNRS1dDUUhVMzNYZFJ6QXlobV8zZEw0dVY2U1Z1RXRsRFlCLUNSQTR2blFTc3dNSzA0c2MxZ2FaRGh0ZVNQV1M0YUdsUVdMbnAxM0Q4eGc0R0Jma0pKMHJLelZWMF9HMElFOFQ4dEdfNk1FamU2bEhJMjNUanVRVE54WE5jSndzQmZlSWFJLXdDVWlJM1MwSDBFVWVqQ2ZUZnJXUFA5cXFWODRqZ1JqQQ?oc=5
"Energy Stocks And Industry News: Oil, Gas, Solar, Coal And Nuclear Energy - Investor's Business Daily","Thu, 05 Mar 2026 18:19:00 GMT",https://news.google.com/rss/articles/CBMi0gFBVV95cUxPa3EtY3RUQXZhMi1nQTQyVmxac0p4dEhmR1pTSmFJV1VuYi1LQXZYZmI5cUY1QXhtZDh1dF9ieHdXUWYwektoRDRLNlV5cU5yODc3OXFJTHF5SjMwTHBQNDRuVHl4dVI0TkJUb3N5TWtlUFVLYkxXR29FTnhoX1JOQUNLcUNsMEsyQjBCUXhRLUtYQmttNEFDV1R6Sm82UmREdkt0NWotUjQ2NUpINVN1TUhZUE1rdmR6VEtYdDgzQVBYVDNXc0lCdXZFU29JVWhTcGc?oc=5
Stock markets and oil prices still volatile over fears Iran war may drag on - BBC,"Wed, 04 Mar 2026 19:00:39 GMT",https://news.google.com/rss/articles/CBMiWkFVX3lxTE5EWjVUYm9XNzVQRjB5TVFLM05FVFgwUXJhME5mamF4S1pEODFudlJ1LVdPRWY0OUlIMHY1QmhGZ19SR3cybnFpV28wVXpnaXp3cUpvc0o1d0lldw?oc=5
"How oil, gold, and stock markets reacted in the month after previous global shocks - Yahoo Finance","Tue, 03 Mar 2026 16:40:00 GMT",https://news.google.com/rss/articles/CBMixAFBVV95cUxORVhab2Y5elFaVzU2bERaVUpFdzJNRmdUZUtJQVBpVW92djM5YjVhNHZVSHRRc2o5TTVRQ3o2TTVIeE9lamljdXpjNHIyZ2NHMm83QnV3UGlGd0lEcGtqZUd4aDc4RUpVaTBCS3l1czAxQUFhVDRtcmdxSmdpeW5vMi1OM3F4Y2p0cWl2OWI0T3E5ZlJKYkp4aXNtLWk3ZUUtNlAzdVZCT19QdHl5T0tzS1VhaG5qbm93NUdrVktzY0hIWUIw?oc=5
Iran Conflict: Seven Takeaways for Investors - Morgan Stanley,"Tue, 03 Mar 2026 18:43:35 GMT",https://news.google.com/rss/articles/CBMikgFBVV95cUxNLU9tQU5Pc19QZ1czalBoMDREUGhsV0xXUDRYaTd1U2pjd01NcTUzaDBadWJCMVJRLWhMOGk4ZTlydFNfVEhmUHRQc21fZ2R1bTdWejNxZncwUkZ4RzJsd0M0LU9RYktaSjc0R1EyWlZ2V19YUGY5aVdRTFEtZzNIN3BySUlOVDNvYjdBS3pJRFNwdw?oc=5
"Oil Price Surge Sinks Stocks-Market Analysis for March 5th, 2026 - The Globe and Mail","Fri, 06 Mar 2026 00:03:03 GMT",https://news.google.com/rss/articles/CBMi3wFBVV95cUxPeUdPeEFmSDNQT3ZnelRfbldUTnFWdFJXcjU1TVRsR2NkUDJfWmhGWDBNcmhDRGhUOFdWQjdVa1Z0b0FmbF9VbUZtMEVCLTh2RFEyM3Vqc3JwUHZzdWtnTHFqMDZGcklJQmhYbF9zWU1OMXlsdTdDaTZKeDktenREX0IwZDNIbjdyb3Btd3F6c1lseEJEYm1EQjNtSll3ME1PUVh4ZkRoVk9NYk1pLXdrT29LTHRFNlZhdmRjVlNraktSX0hvNTFkaVJ1enkzckc3MXY4aGNBSHc2dVFMRmFj?oc=5
US Iran War Ending Soon? Oil Falls as Stocks and Bitcoin Rally - BeInCrypto,"Mon, 09 Mar 2026 20:39:00 GMT",https://news.google.com/rss/articles/CBMihgFBVV95cUxPalNtRUxBU3ZIaHl5elR5UklXYUtObzB0ekFmams5YkZmTFh4Qm81cnFiWXUyV1V1dHR2ME80Ym9Ib1pDWTNlNTBOMlo2Wkxlb2tLOWRnTTVGMHhndGpIN2JQMG9tWTZKWWFvZ2hqMjdET0lVX2ZjN3FoNUhhN2tHdlFiM0hrUQ?oc=5
"War in Iran, Stock Markets, Oil and Gold with Bitcoin - Albanian Daily News","Mon, 09 Mar 2026 15:53:05 GMT",https://news.google.com/rss/articles/CBMijwFBVV95cUxQRzRySjJNeHZzMVZJOHVhaG1GMWdDTkg2bGIwQ1NPandHMk1Nem4yYkZXSU1rSmZzNUZpZnhqeXQta2Y2R2hxWjE3V245Q28tWmNSQU1SdFptakhtRFQ0SzI3aG9HV1lVZy1UVll1NG9YWjF1TjNRaTAzR1ROeDlsN0RUcDlVdlZtRWttSW5Xdw?oc=5
Market wrap: Indices try to maintain rebound despite rising oil price🗽Broadcom shares surge - XTB.com,"Thu, 05 Mar 2026 12:11:14 GMT",https://news.google.com/rss/articles/CBMi4gFBVV95cUxQQ1ZpeE8wRVlVR0hnSm5LR1hWWGVhVk9UbUp4R2NrTkN5c2I2QjJKS3V4T1QtUlF1Yi1Zb2ItblhwVG4xMUxIeFdremZOZ0FpZkpMZEFGcjA1cDhYTmRIMThOeDA5ams4R1k5a2wyczFER1NrTEpzSUh1YnBRZEJDeVN2U3cxdXhCcjVuWHhqdmtmeU44RnNfektUUkdjcmZiWndlbGR6R2dPUFpEaHhVcTdIdVA1N1BHQ1BESUZDTDJGNWtpUGs1NS1IUndhSlNjVkVENmc5NklHeDNVQ2NTMURB?oc=5
"Stock Futures Fall, Oil Prices Surge as Volatility Grips Financial Markets Amid Iran Developments - Investopedia","Sun, 01 Mar 2026 18:53:16 GMT",https://news.google.com/rss/articles/CBMitAFBVV95cUxPd0U3WnM0M09vQnAydkNLbFBsYmk0ZFJXZHp0SlFLbXZYbnNFekZhRVhoMjNlVFBrSGwtQk5xYVhvUXVTNW5iU0k0RXRsSG5reHpvUFJHOVloY3RPNlpaWTdkQUJhWXMzcjV5dVZSYklabG9lY3oyNVlIZDZjNFlqUExFaU8wYnJrU3BkMHRrcUFaR0NkR3RlSFZGUy14TDNQcXJ6RWNRbW5ObmVfS0ZJdjRzVTA?oc=5
Stock markets slump amid Iran war as gas prices jump 30% to three-year high - The Guardian,"Tue, 03 Mar 2026 10:21:00 GMT",https://news.google.com/rss/articles/CBMipAFBVV95cUxQcnJ3cHZTM2tqVndJMW42dUY2MFVtc25mc1VOMWpEV2xxUG1YNUtxbzd4WXZvYnlGRGRENnpkbGZEdFFJY2hQLUxtTEYyZTlwR1Q4aGh0c3hwOXFNalVQYVg2VDVfVVkzZTdSUHhXYnlsT2JBSW90ZzZobFZhbzM0dVVLR242YVJrQzlvUy11Q09OZEFBcDdPc1hvSlFlZUFERnU2Nw?oc=5
"Dow Jones Futures Tumble, Oil Prices Spike Amid U.S.-Iran Attacks - Investor's Business Daily","Mon, 02 Mar 2026 13:01:00 GMT",https://news.google.com/rss/articles/CBMiswFBVV95cUxOTm8wRUNFcVpXWmk5WXVuR2VWZElDSXFUbWphV3Fld0hOOURvN2lRT2l3NE1jWUdyQ0ItamQ5MWdmUXF6dUJsNUdRTDRGV0VBMHpwam03R0hkejB0TUVsSXI2Tkt3ZlVxNXpHYllFV1V1eW4xVkFOV3A4Q05BZHlDbGszT2diYm84RU9RMVVMS1kxYjRsUDhKS0tvZ2h6X0l3YUtsdXY2YlZnTkJSdkhCbE5yVQ?oc=5
Trump And Iran Put Oil Prices Near Six-Month Highs But This Energy Industry Was Already Rallying - Investor's Business Daily,"Fri, 20 Feb 2026 08:00:00 GMT",https://news.google.com/rss/articles/CBMioAFBVV95cUxNZk1leG9MdnNDQnlhS1FDOU5CR0JKYjZoOGtGcjJIWUJ4dklFdjd3SVpEOU5jczJPR0M4dmJaZFpwekRvTjM4YTIyTXNnTkZoVU9sdHlSQjJyTC1CMGM0VUxOblBuXzdLRkh4UWtHRmYtM1VPWVB1TjlBSl9EX2ZBVnJ6Y29ULVlHSTNwV3BoQ21HSlNtWm81V0dmZFBJUzdX?oc=5
"Intelligent Navigation HK Stock Analysis | Despite the carrier strike, oil prices remain strong as policy-driven consumption efforts gain collective momentum. - 富途牛牛","Fri, 06 Mar 2026 12:11:47 GMT",https://news.google.com/rss/articles/CBMisgFBVV95cUxOZ1l4M3MzZXhvRE02U2hMQ185YUtQQzNSQUJNaWxtVnMzUVhKWDF5SFVXWW9fQTU1dmRqTTliTFlUc3hKM0V2SzFCZ0lKN21IUlVaeFMxMGNpd0VNRG5iRnZwSTE3ZXhMVUZmM3lYVGpuUGVSc3p6UmdvbTE1Y3FNVWJwb2NpQlJka3d5dDl3SHViNGhJczFtN2J1SU54TWp3c1lVYTh0eHNQcFFWWlBJMVZB?oc=5
US-Iran war to crude oil prices: Top five triggers that may dictate Indian stock market this week - Mint,"Sun, 08 Mar 2026 11:44:12 GMT",https://news.google.com/rss/articles/CBMi-AFBVV95cUxQN2pjZDFQZFVzc2VTUkhUamVDc3VJTEt2bU8yX1hDYXkwbktRWnFjakV6YnQ1d2V2Nzdqbm5WZUw1bldOb2dPSHNlU1lVRHYySkk5WVN2cW5hZFZjRm9FTEt3bHBtaDdkSEZGSTNWcy1HVnB5OFpSTFpRcVdxN3VORWdxWEk2cENVR2NnbF9ZY0xrMzRvYUFORExscW5zQ2VzR2hOaWgwOW1sUU1YejdYODY1TS1HSXRWSmtOUWR4VWhxTnVtRElYNUdmdFJ4d0VTNTExYUU2eFJadjQ2cHM0b1A3Q0xlRXpvYmVacTItV2VLaks4V3Q0TtIB_gFBVV95cUxNWWIyRTJuSnlnQXdxWnB6enhOQnI2TW1YVmhGQVFQUklzcFAzMmJOeUR3T3N6X1lOejlRYUdzR1pBUTdmbjY3NmZxU0JCSkdFTXItdW9ZeGtTSXlIazVSUmNhYURuOTRnLU9Pam5sd3poc3FOOU1zamw5VGRxTGc4ekp2WWxJRnBrZ2RIak5SSmN0NzU0THhUeWM4UUlMSzlHX2p3ZjhYRGRkMF9nQjJzN2stbjVNWWx6SVpTVS14WFQ2NEtOb2RycmhEaW1KM25WMWU2cWFfU3MtSWZsNUFMcDJzSWVjVVBSSThuQzNlNkFEc1lsbGlGN01XRGg0UQ?oc=5
"Nifty50 falls 422 points, Sensex tumbles 1352 points — top reasons why stock market crashed today - The Times of India","Mon, 09 Mar 2026 03:48:00 GMT",https://news.google.com/rss/articles/CBMi3wFBVV95cUxQRmpBbHBNa21sOThVN1ZRWDM5NF8zVG1kZ2RUSkUwWm4wdWpybzZGNmJpaEpTZDVLeks3T01DenBNZUtLVUxmd3BXUXBpUkwzdzBBb2gwd3ZHVkFjcy04VVdVT0s2bl9ZcGZvdlZlTG1NYUJVbU5qUUluX1hmVlVKRi04V3FhVWEzN0VHdUV6U3d3cDBTdDR1R2xZYkdHRGVHQ2t3cjJMenU1bXB4MGNicEVsOWNOZTFyTzdNVHc2bGh4U25paE5ma3E4bUZsUXdUbVpKd194TUZLWVA5a2M40gHkAUFVX3lxTE9OT0lmbVFJeldaaU12LXpLblB5UUpkYTVudi1JQTNUOEJISkRFc0kyS1EtNEF3YVdNOGRSUGtzY0FPdzRyaTBINHRJLWdkLVpNQzBWeUpDUDItQnV3aDh6RkItc0c3c25BS0pRM0pNeEJWR3A3TTZlUHFIQzhxNGpoNzNWdHBMOU1XVnNqYlhkb2wyeXYyR01oZHotYVNxZkh3WUpfY1NiYmljeGJ4RF9qWFdXMC1DTEF3STJnX014T0I5eWRWY0h5UFM0c3B5X3dFNkM0c25jNnNoQTdqaGlPVUpHNg?oc=5
Oil Market Report - February 2026 – Analysis - IEA – International Energy Agency,"Thu, 12 Feb 2026 08:00:00 GMT",https://news.google.com/rss/articles/CBMia0FVX3lxTFBuY1pRcWFlOWtoUUYxNVVmMzVqY0o3Rm5TMHQ4UTM5SlRXVHQxeWR4ME9jNUVyRU9IUkh2MlZ1UmplQVotMEpsaVFPWGtfZEk3Zmh2LVRaMnlhYjlkc3haZUJlRTZlUEE4ZVZR?oc=5
US Open: Rising oil and PPI pressure Wall Street 📉 Technology and financial stocks drop - XTB.com,"Fri, 27 Feb 2026 08:00:00 GMT",https://news.google.com/rss/articles/CBMi2gFBVV95cUxPazJaRHJIbW11Njh1TDZZMmQ0TllWSFRKejFLYmxQWEVmb0M0RFNkRHZCSm0td1V2WmJlMnlfWlhBLXZ0R2VjMFhQcG1PZ1psb3A4cUhRaTBaNktsSk0wOXNuZ2t2Tk1CTUdTeXhKdW9nY1V5VkwtWUJ5aC1kVjN4RkFPSW9fZzFScFAzdXVJRWd6aW1XMGttVnhBbHFOMHpvZE1MMW1ETW1NZFpoeGRWVWdXZjJDT1ZzWkNHVzRMVTRSblpHVXJsdGVHaFBNUDFBRDZmN0NCQkFlQQ?oc=5
Oil Gains With US Inventories and Global Supply Outlook in Focus - Bloomberg.com,"Wed, 08 Oct 2025 07:00:00 GMT",https://news.google.com/rss/articles/CBMinAFBVV95cUxQNXZkcmVaRTR1aWdzcU1vVW85ZDZSVGo2MWlXZ1Bsc3hwUmdueTM1bUEwU3FXb1JlblBMa05Bd3NNU2JHV0MxM1pqQS16QUcxRVd0VVdybnE2QnhROFpBS0NaMTUybXlTRmJKRGZKTnVOMEVtdmR3Q3JQZGRPeW01SGdpdHFNZHZrLXZiRUtoaVpSSWdFcHp2R0JwQzE?oc=5
"Oil Holds Ground With Stockpiles, Russia Sanction Risks in Focus - Bloomberg.com","Wed, 19 Nov 2025 08:00:00 GMT",https://news.google.com/rss/articles/CBMipAFBVV95cUxNRlM4SGVsQXFYb2lEdms1aDdDZ2dZRUVOSXJQUVhKX0JzZmwwRURsWlFlQW84ODNLTHFmRmJjRjdURmE0VEtzMTVJekFvcUVrU3VXSDIxTjdOWlUzTmcwbkNUcnVRc0YwRDhIdVBXTWs5ZXRETmFZQ1VYc09tUGlBLUJ3TnZzbWM5TmJ2eU1pSFhXZVZYTDRLRXV6aG1WUGdaTGt2VA?oc=5
"Nifty 50, Sensex today: What to expect from Indian stock market in trade on March 9 after jump in crude oil prices - Mint","Mon, 09 Mar 2026 02:02:33 GMT",https://news.google.com/rss/articles/CBMijwJBVV95cUxOUzlFdjU0RWR2a3B3VjFjLUdxRDVJcGtWVk1qeHlxR1c1MFNueUJNOURJZ1lLVTJEMjhBOG1KY1hZay1GdDNWSmZfWmxtS1ZXdkxRSTVmYUpGVzl3djBqZ0h6S2xGNDc5WFczQldrVFZZczlnTVdmSEN5UnJTb09QNS03VU9POHFpU0N5M3N0azVOTUVlUDhNaDBYMmwyazFtcDhXeDhGRmxwZVd2a1o0U0tUV3FBWERtU2Q0Z3VzanAzdU8xM2hSbUlYSGxweGlFTjZ3WXdQX041ME9BVnFhMlVjU1RjNDRLME5kTlQ2cDJWTFhIVDFuZjMxSXBKQXBYX3NSSDQ0Ml8tWUlnTFJ30gGUAkFVX3lxTE5NNmFVUUJGdmZMbkhPQWhidXRqRmlOTjJmN3p3d053ZFZsUVpVa0lNbDkzQkZaMUxCdmpReHMtaHNvazQyX2ZHZThxRnFvczhzZDlBcEhOUFh6ZkR5SUtGRG5NakNYSmdPZjhyQ3hiM1pHcG5pTHk2c3NHTEU1bmM0ZTZQY2xhZXlKYVVoUU9OREVBOVR0U2FyS0xTZGpVWWlsZnFYX3RXbVJJWko3YVZGWW5Nc1p3Sk9nVVlDUVdkTFBPV1NVLUNEWnhXd1NIeWJGenhqZUVYRGJkbXNpSHppYmJwbm1zVDZPYWc3c0tTZWJzR1JKZW4tallVOWxGNXZjYTBscVBxc0s1OGk4cFZPaktiNQ?oc=5
"MCX crude oil trades over 11% higher amid Middle East crisis, Gold and Silver remain lower; check today’s trade setup - Upstox","Mon, 09 Mar 2026 14:04:57 GMT",https://news.google.com/rss/articles/CBMiiwJBVV95cUxQbVYwb0tpZTVCcTB1dnA4dVBMQ3c5X0F6V3dvWWdIamR4SnVSanA2Wi00QTUxRmJraExfWWJwWWFlTktZLUtqb1RGb2VRZHgwZ3ZOd3hEYmg0V3lTWjBDYnltX1JvUXJ4RVk2S1BFU1NkZWRyemRSOVl3UU8yTURsQUJHMjhaNFZlTGFXVkc2ZlNZcloyb05nN2tBNHNPcUtJQU11TUdWUG5SQmNwWnp5VHAzYnpwS3A0Qk9DcUlXQkh0Y0ZNUWZHZFpXTkxNeVhzREZVbno2Y3ZIN2ljbVNpOHp0M3h3MzVabUFrTm16UVVlaFpEQW9BQVRvRVZaWGxhcnNnRGZ2VlotS00?oc=5
U.S. crude oil closes at lowest level since early 2021 as looming surplus weighs on market - CNBC,"Tue, 16 Dec 2025 08:00:00 GMT",https://news.google.com/rss/articles/CBMia0FVX3lxTFBWS19aaE5fa1NYUExOTWhHMXZ0bW8yNEdrdERmUHJDSDZvbzZPU01aWE9sNlE5MVV5dnNjNEJCNU8xSHZ5OFFYa1N6OWxqXzZucUc4RkFHNEd2Z041YUxwS2R6SmpvSUN6VTdr0gFwQVVfeXFMUEtlaDQ3YW8wRjk5c2ZxRFpZc2ZpOFpzZHNwTW5PeUVLMGtaTFJGekgxbEVyYzNOQmFybVBVRVY2NlZhV3ZOeXBqa2FqZWVkMjZmQXNla2hHdDVveGRCWk8yZHUtcjk3djI4S3dFd2dxMg?oc=5
Oil Market Report - December 2025 – Analysis - IEA – International Energy Agency,"Thu, 11 Dec 2025 08:00:00 GMT",https://news.google.com/rss/articles/CBMia0FVX3lxTFA0VjBLTEdmb1VmalVLYTFyVm9Ec2Rzb2JFNm81NnlkUzZWemE5azZJUFp2Um04ZmxLdlJ4X2JtWHctZGlBMWJsbHRlaEhLLUVUTXdCZjh0UmdCclpPbU9FbzAyTldXWjVoU25V?oc=5
Oil and Gas Market Forecast: Top Trends for Oil and Gas in 2026 - Investing News Network,"Thu, 18 Dec 2025 08:00:00 GMT",https://news.google.com/rss/articles/CBMiVkFVX3lxTE0tbURSSmhFSFc5LVBVeHFJNDNJbkhmaTFsNEFoaFJnWTNqeDVIWmtWbnVPSzZoejBQSVFDdG14NkRMR1lmVTVrSlBCSGFXOHJVVzZLUm93?oc=5
Oil Market Report - August 2025 – Analysis - IEA – International Energy Agency,"Wed, 13 Aug 2025 07:00:00 GMT",https://news.google.com/rss/articles/CBMiaEFVX3lxTFA3dmVpOU1uNWVPN1NqM2paU1lNS1M3OEJRU2RUUHV3ci1rWUFjU0RrYXhsaG51OEZHQWJxZ3ByWjBBa1FZSm1QYm5KWGpZNEZHNTROcm9WcnNsNlZ3T09nT3NrRklPaGtl?oc=5
Oil Drifts as Traders Wait for OPEC+ and Next US Move on Russia - Bloomberg.com,"Tue, 02 Sep 2025 07:00:00 GMT",https://news.google.com/rss/articles/CBMingFBVV95cUxPV1EyeXZOQWxQdGQ4RjRMWjUyM2l6TEdpcVJMV1M2MVl6YjF0MTFqOFpQZFgyNDlZV1hLY1dUTW9neUs5SC1HYnBxY0Z0bmljOEtCX2NCbXNwSjFEYUt4RU9paU9reU44aFNYX2xIT2cyN0pnMWR3alZNaHdYZzdtU3drampnNFhnSkVfdElEVHBaSm11X2RHMG90ZUJBQQ?oc=5
Oil Stocks Lose Steam As Trump Signals U.S. Could Subsidize Venezuela Infrastructure Rebuild - Investor's Business Daily,"Tue, 06 Jan 2026 08:00:00 GMT",https://news.google.com/rss/articles/CBMinwFBVV95cUxOQVprd1puR1pac2U1aHlrS1ZoUFp2Q3BXREstcnZCUlRYUmNHbkxfSEFmVVp3MVJ1dE1uQU0wcGJldnZib1NOaWlDQVVBU3QzS0liNlBySWZldDliQkQxX2NYRDRQSzBEbmFHNklBSHJ6aXlJUlpJcURMVzBKQUN2TkZJUEVJbncyUC1LOU5mUEdHZjNDZGhUNEhzMGQwem8?oc=5
Oil Steady as Traders Focus on Surplus and US-China Trade Talks - Bloomberg.com,"Tue, 21 Oct 2025 07:00:00 GMT",https://news.google.com/rss/articles/CBMingFBVV95cUxPakZ1RDEwQ2tHSE1ZZnRadmxjX1pnQnlTSEdpZ2RqT1plcEpIdWhRN3lCZl9OcVRwNzk2bVJKYy1CRkJTYms1MEx3V2Jha084c0RFeXY4R0J1OEhqSURnQ29hWlk4aXhzS0pIUXJNWkJjZS1RS1VqcmtRUmdWb3ZCVU1GMmNPeTAzVnE5a3VqZjJsbVlZWFhrN1VralNSZw?oc=5
These Oil Stocks Take Off As Trump Says U.S. Oil Companies 'Very Much Involved' In Venezuela Transition - Investor's Business Daily,"Mon, 05 Jan 2026 08:00:00 GMT",https://news.google.com/rss/articles/CBMirwFBVV95cUxNbG1Dbnk4Uk1LcC1NdjdkRVNfV1RQWEdmU056MzM1dnRTMUVNdXl0eldQWk10dVc5ZWF5al9mM1kzQWxBeGFSUTk4OEhUZE9BdHJiQV9EZnZJQWp6NHdPV3lNMlVKTzR3QnVkd2tNWVhxcjlHNnJ5NmpaRWxpY1FQcVlKcnNTRWtoZTNoX0N4ZHdjMXhWTXVnNmE1VGFtZDJTZ1F4RXd1N1VpNnkwWjVv?oc=5
Maduro overthrow in oil-rich Venezuela unlikely to shake energy markets in the near term - CNBC,"Sat, 03 Jan 2026 08:00:00 GMT",https://news.google.com/rss/articles/CBMie0FVX3lxTFBMYktNYjc2TkluNTdKYkxMVGxlWVI4SVl2TUp6WUJqQk05TzJVSG5lV1dqQ1pQVjN2ZHAzbFhfOUI1TlR3SDJscUZQVGtKZE1tenViVnQ3REh3R3ZCSjVWQUF4aWRfM0Rtb1NmS2E4RUplMVJHQkU4eURzNNIBgAFBVV95cUxQbUM5dm4zZVd0OV9jaGtxNnQ5R1gwTXBieWZWM1lsNGJ1a3c1R0J2Uy1hQXBXVlJLY1l2aS1jbjR3QmRqZmhtUlFNZTExb1M2ZjZfR01oSlY4S1RLRHY0eHQ3Z0Q0eTJrUTBLbnBKdHdCazFpanVQR1hIOHVUcU1idw?oc=5
Strait of Hormuz: Iran Considers Closing Oil Chokepoint. Which Stocks To Watch Monday. - Investor's Business Daily,"Sun, 22 Jun 2025 07:00:00 GMT",https://news.google.com/rss/articles/CBMimAFBVV95cUxPOUt4VlZSSTZHdENiUS1sU0d4LXpfcWY5ZkhwMmZpT0JMM2dNT1Y3b2RuYjIxMF81S3JvUk5uVmFVNXdPSkdxRUhKVFBfTGZ4UDFjcjFWbjV3NDdvME9ybng2eGo3MzIzN1BxcDBwTFdlV2JURzZEYUdUb2FydXkxekxXNGJ2eDJ6UmswSnFkdjVSOERwWlZZUw?oc=5
Retail traders had one of their best years ever in 2025. Here's what they're buying now - CNBC,"Thu, 08 Jan 2026 08:00:00 GMT",https://news.google.com/rss/articles/CBMieEFVX3lxTE5vbGhmUzNkMVpZbFNzcUpHZDM0SWdKdDQwYUxoVVlzLUZtM2w2NkFlVlIwcmhjZjVMMjc4VEVDcTl4cWh4ZEVwY0FlYWhkd2IzQXNmLUNMc2dOQi1ILVVBNXJVUjhPTkYxcTFyVHRISnVlQ0lpNmhFQtIBfkFVX3lxTE5HYUUtemxHMGpfLTZvRTBfX3dkODhyeTdDWHUwd3FaV2Q1blVqeFprclNFTW83RUc5LW1veGgtb0pCdFd2SjNEQzNrT2Fvek1odlRLZGZTZTBIUkxUOXpjNFRnckR4RnZLbUh0YjFIVUxySVBJZWlPdXlORmFSQQ?oc=5
Oil Holds Decline as Higher US Tariff on India Set to Kick In - Bloomberg.com,"Wed, 27 Aug 2025 07:00:00 GMT",https://news.google.com/rss/articles/CBMiogFBVV95cUxOTDJob1RQLUowY3NEcmQxdGJlYWJmQnAwby1ZdVFXVnZnTHkxOUY5ZzVEN3llX2otVG1UNU1fVTFWcy15MDhaV2MxdXExS2c2TlFmZlN3Q1JnRVFyQW1zRXFsT3RLd0xrT3I5UHRqaUctNy1IXzhwMXNpYTBxU0p0S3BQSzhYcGNTYUZxZF9WRkNjVTJmVHdHTlVPRGlyMHZ1Umc?oc=5
"Oil Holds Drop as Saudis Cut Asian Prices, US Inventories Climb - Bloomberg.com","Thu, 06 Nov 2025 08:00:00 GMT",https://news.google.com/rss/articles/CBMinAFBVV95cUxPc2MxOVZjdkh6WWVUOUJvVnlrQzU1S3FnWVRYMmJPc1dCa1BEY1BOUkxvdzIxY2JyUFhHQ0Z4N1BoTGM1SVJhd3R4MGZYaFVYVnVFM3hRaWd1Qy1DWXpJeGlwbnlyMXh6cGRveHBvTjZTM25FeXZzUGJEdmx6OVdMZHhxQk9NRkc3b2c4VkhTYVRlWVhMY3MwbkxVemw?oc=5
"Dow Jones Futures Fall While Techs, Oil Stocks Rise; Venezuela, Nvidia, AMD, Taiwan Semi In Focus - Investor's Business Daily","Mon, 05 Jan 2026 08:00:00 GMT",https://news.google.com/rss/articles/CBMiyAFBVV95cUxPQl9LdDBwMjBEVFJVRnNNNzFhWnpGV0hBUzhPbXhsdXhZUEJDWXIxbUFnNGwtQ3RXZVNtSXNWcWpFNGZONFYwcTctMHRqZXhSdW9DZXJhNVZWZ0R5NXhmLTBfcmpvWVJOa1NWaERVeTViTnhhTV9UTE5nMGI3S1JSWVN0Sndub09sVkVJcXhkYVUxWE00LWdFR2VuZTU2RUVnQlZTVC1XNVltNnU4ZnhGQ2xrQi1BZVhmbW1TMWhEclV0TV9Hb1l3Mw?oc=5
Oil Holds Loss as Traders Weigh Next Steps on Russia-Ukraine War - Bloomberg.com,"Wed, 03 Dec 2025 08:00:00 GMT",https://news.google.com/rss/articles/CBMinAFBVV95cUxPYldkRExDVml3QzVLbFNEN1dKOGRjd1JlLWw0ekt0N2VZNERhdFJMR0k3ZkhmdlM5VUd5R1ZUeTdPWHZ0czQ2X0UzRkxZWE1aMFhMQ2tjZy00VXRZNDRlSEZKbGNhcjNObDNHMllJaHo0Z2QzQ3NZVDFJTU9UZ0VlcnFYNWh4MHBxVU1BSk9POHZIcVh2M1hLUXU4eHo?oc=5
Oil Holds Decline as US Stockpiles Expand Ahead of OPEC+ Meeting - Bloomberg.com,"Thu, 02 Oct 2025 07:00:00 GMT",https://news.google.com/rss/articles/CBMinAFBVV95cUxPTENaY0d1OThlaUdiWEN5elpXdlFXd0ZEaURmNFpGZU41WjR3VzJqWFdTMUVYSm91SXJuME1hejJTVEo4UFIyWlRLYWZoX24teE13bEdQMFR3bjNNcy1TYjllamdkUVpzamRhdXBLWnVhZXc3Zzh4QkNJYzQ5WHRtcWFhV2lXX0tDQzNoeExJZ25NRkE3bEFxWWc1TlI?oc=5
Ghost Tanker Seized And Trump's 50-Million-Barrel Venezuela Oil Claim. But What Are Oil Stocks Doing? - Investor's Business Daily,"Wed, 07 Jan 2026 08:00:00 GMT",https://news.google.com/rss/articles/CBMimwFBVV95cUxQVGpsTUI5cmprczUtbjFPblJiY3BYeEx2NTNUM1E0ZXBJYXR0NEVtcVl1WWIyNF9RZTczc2pzZy1lQWpPLW5lbHdMZkpiQU9seHBtTUZiTGZRSFFnX0xsNWN5TmVXN05La1J1Y2NZejc4cl9wQUhGUFBHYnlHb2ZWTV8zZTZMdVV3R2hFZDlwRWo3ci1ORmFtOXo5aw?oc=5
Oil Steadies After Weekly Loss as Investors Weigh US-China Trade - Bloomberg.com,"Mon, 20 Oct 2025 07:00:00 GMT",https://news.google.com/rss/articles/CBMingFBVV95cUxQeTkzWUR3VFRZWlBuOTdkaU9hZkhGUk11ODVZcGpTR1M0MnY4WVp6RGFPZ0NRUm95aWIzSkJSX00wTEo0YzhBUkRncFJmVEFLZWpzQTAtdV9wbHdoVEh4YjFYVWJadUpnRXJxVUxVcU5MOVNTSXNISWdDb3Q4T2NVQlNvZTg1eDFhVl80SFl5TEFwXzNpMlRhUlZJQVo2QQ?oc=5
IEA Oil Stock Release: Crisis Response & Market Impact - Discovery Alert,"Fri, 06 Mar 2026 12:06:45 GMT",https://news.google.com/rss/articles/CBMiigFBVV95cUxQeWc2blcxcVU4WktrQjZsT3FuZ1lrcHlKQ0FXN1ZIS0c0YlRVLUI2X2kxMEJaakhLUkliLTFNTlFXMlM3UkNobHQ3cVVWV3NXaXdwb0xwcjl5U1ZrZU1pLWlWYlVIcGNWR3Q4bHNMNXNiYnNqSGR1MkdNTW11YlJNOTA0c3hCX0R6LVE?oc=5
Oil Drops on Report OPEC+ Will Consider Fresh Production Boost - Bloomberg.com,"Wed, 03 Sep 2025 07:00:00 GMT",https://news.google.com/rss/articles/CBMipAFBVV95cUxNZWtaMk1FQ0N6NmtCM1VlX3lweXlKZUFoNENuZ2drRkhTajN1SVVWWXNqZTFITTM3S19scmtVdmZtRm9qa2Vob0RCa3JsaHY5d0VWWjNrQjF0cUt4akVoRGEzNHREQTZmSFlCY2FVQ3l4N2hROUlmVmRyUVlqQV9IV0RVNk42djFYRG5BSkFxVjc2Sml6SXZhTG80bkdYMmdXdjVWQQ?oc=5
Oil Drops After OPEC+ Supply Hike Amplifies Concerns Over Glut - Bloomberg.com,"Mon, 04 Aug 2025 07:00:00 GMT",https://news.google.com/rss/articles/CBMinAFBVV95cUxQWWpjY2Vpc1FDZEY1aXMzRnFLbDg0bmxySkRwZGdwTHhHd3V2YkltRHhndWNIRFJUYVhRS3BXX2xDWVZNLVFYNURDdUpDZmp6VG5URGEzZ0NXdm4xc18tMGV3MThFMDRXc3puX0tWZlRrRnlQM3dvVTdOU3BUYkR3UTh0VlBXODJfdUhWZUxKWnBGWDRKdjdCSHFpWFU?oc=5
"Oil Condition Monitoring Report 2026 - Market Share Analysis, Industry Trends & Statistics, Growth Forecasts | Astute Analytica - Yahoo Finance","Mon, 09 Feb 2026 08:00:00 GMT",https://news.google.com/rss/articles/CBMiigFBVV95cUxPU05oamFWWXFSazJrdEtVazlEQjNvQlpOTXJfMjg1R29JWmRPdmZWVU5wV29pNFdGamlSOVBYNTBYX0x4Z3RHYTRRUzZkdTluTk5Rc1pIbU1PWVZEQTNUZXgtbmRDc0k3SWNPZGhxUU5UX0o3aXUzTUwzemVxNUFXMUFnUTRzZ1pFc1E?oc=5
Why The Narrative Around Tourmaline Oil Is Shifting After Fresh Analyst and Market Updates - Yahoo Finance,"Sat, 04 Oct 2025 07:00:00 GMT",https://news.google.com/rss/articles/CBMiiAFBVV95cUxPdWJzbGt1enJCYTB1QWZ0bVVfSjJJYm15QUVpYnZHU2d4bVRtS1hLbjhkc0hZTklnRFBIYTYzSWJBZ3h1Z2sxeUN3RmdHMzZmd0RkT015RVlPQVVPZmxwcE9uZ3o0V0tqRURpdElTcWFwNmVsWE5mSHp6WDk4YWMybnRyU010eFVL?oc=5
"Crude oil, forex, and stock markets: unveiling the higher-order moment and cross-moment risk spillovers in times of turmoil - Nature","Wed, 23 Jul 2025 07:00:00 GMT",https://news.google.com/rss/articles/CBMiX0FVX3lxTFBCTW92TTBCa3EwZmVWRy02SHphMGVWUk4zZjR0N0dQWGFObzFQcndoVHZvMUhqeGR3T29KQ1hyUE1mb2dueUQ5dEg5WWNQUDhKcGt6RFoySDVOQTVrVkhN?oc=5
Stocks Keep Rising as US Confirms Trump-Xi Meeting: Markets Wrap - Bloomberg.com,"Thu, 23 Oct 2025 07:00:00 GMT",https://news.google.com/rss/articles/CBMilAFBVV95cUxPVXYxRk9WY2c4TlVBSFBENVVMNEtEOS12cWdIYWtZdkcxbjRwOVQ2R0R2X2tPNmZ4Vy1nUlUzbGo1TnFqSkdCeUtPTF9uNTVfa0NxSFJXS0g3YlVkNHgtOHBqbURGblNSbUV0dHpac3hhajJUYll3dVk3Q2ZvQy1lUUJweUFrLUtRd29SRDd1ZTJWSHBw?oc=5
Analysis-No quick wins in tapping Venezuela’s oil reserves By Reuters - Investing.com,"Sat, 03 Jan 2026 08:00:00 GMT",https://news.google.com/rss/articles/CBMiswFBVV95cUxQZ1RkN2JYM0dZV3VzLUxSeU93MVJhR1ZyYjFkZllXakE2bm9UWTM3NGVjQ2EyV2VVZ2RONTBzSTFrZ2REeFBKZ2hWX0lnaGc1ZXJYd2tobDhTdkZLcFFYLV9IZWhxeVNDYmJEUTBKV1VMa2gxcWg5ZFNmUWFqTXRlNFhXYlhyU2FtU2w4UG9CZWR2cWQ3aXgtMi1fbDhvaFd0cmtZN2hGeXh4N05LU0VqdUQ5bw?oc=5
"Oil Steady After Two-Day Drop With OPEC+, Shutdown Risk in Focus - Bloomberg.com","Wed, 01 Oct 2025 07:00:00 GMT",https://news.google.com/rss/articles/CBMinAFBVV95cUxNd0dGUktXZkg1TlB3Z3o3R1JXck9YRTdrQ3E0U3ZXOGFmZlBOR2VRYmk3dE43QkY1amwxYzMwN2taWTF4aUZvN3JtZzhLSWdfcWpyaHlnWFZLOEJDUlpRaFBQRC1ZSTlKRnBkNWJ2c1ZqRWJtamhhS3JRSVY2TmRWcGN3M1NkNXFlbTY2cWdzQ2VLWExGVHhpWlZQVHM?oc=5
Latest News - Energy & Commodities - S&P Global,"Wed, 03 Dec 2025 05:14:48 GMT",https://news.google.com/rss/articles/CBMibEFVX3lxTE42SHZSMVZXMUlfd0UwaHRfM3UxUnlGZmU3SlYzYmhER2JvZG80eDc2NTU3R2tPclpjLWNjYkJkeXNfZk9GVkRhZDdOTl9fLU5TVmw5WUpzdEkycjR5QUowaDdScm94YlhRaHpPeQ?oc=5
The market has anointed Chevron the big Venezuela winner. But oil majors face a long road before any payoff - CNBC,"Mon, 05 Jan 2026 08:00:00 GMT",https://news.google.com/rss/articles/CBMiswFBVV95cUxOZ09fejVLem16QzZqOW1nVjBuX01IZjAzM19QelMwZlRuN1VEOG1tVzRUaXlSa3Y0empaeXJXNHhtUFJDeHdCRUZCT09NeDBDTU04RjFLNjJxMVN2RnlJb0dxbnlzWlEzV1RZU2F5blo5eFV1Zk9ZNk5zWmlfUmNQU1BiTlFuSTEycDlCVXdCWUdNTlhrY09TSS1LT25iNHRYX2dLYTBkbU00YjBUTnFCTGFBVdIBuAFBVV95cUxOMTNBelpfQ3VMUk9jbWM2R3B5UHJ1VDFxemoyNkdVNEs3ekNLNjJKMWJ6RGJ3TjJhWHNBNmxTMElyZzlGNTBodFYwVjllbzI1TXZQdkx6RF9lMmVCLWY1Ny02R0VFbDBEcWttLUhPQmdJY2JxQ3RZUzMyUDMtcWlaT25wTFY0cDNKTXExaG5oXzlpV2h0WUw1aHNFN19zRlRmUUMxc2wtakRZR0s3aHVyX2FZTlBOOVBj?oc=5
Oil Extends Gain as Report Points to Falling US Crude Stockpiles - Bloomberg.com,"Wed, 22 Oct 2025 07:00:00 GMT",https://news.google.com/rss/articles/CBMingFBVV95cUxNUGh5dHdVWU9ZOTYtWUNOeTlkN3dGYmIyMkEyMU9XUFJlNWpySjZ4aTNpZnhVU3NiY0k3ZlJjVjk5b2QwTmNzdzFEcmFnRU0wdDBkcDR5dFZRSFZfTEd0Ym9COEpTZW5wNjVHMURqcEc1cl9WLVBQMDBFbjkyQ0cydXV1ZFV2bWdNYlEybUQ1Qks2eldjN0VLa2NRYlAyQQ?oc=5
"Shares hit record high, oil plummets with market sentiment buoyed by Iran-Israel truce - Reuters","Tue, 24 Jun 2025 07:00:00 GMT",https://news.google.com/rss/articles/CBMie0FVX3lxTFByTnNqYWdGZkswbTBTY0xBZ3ZZdlZ5YkhwS2ZxbW9Ea0hETWZMaGlyaWhEdUxzQnBoZ1NVdk1Cckk2eEZyYmhSMVpaZGlmaWdmMktPX3RJb1RmOVpzUnhXenFCSGdCMmlXVWRqWUo0Nk5Ua1lmUm9VR014Zw?oc=5
US military action in Venezuela: oil market & geopolitical impact - IG Group,"Mon, 05 Jan 2026 08:00:00 GMT",https://news.google.com/rss/articles/CBMijgFBVV95cUxPLXdxY3JPUjhfM0U0TlJiaUJLX3VHakI1ZmptQ3VHNDJYbk5KOGM2WXFFOExQdGRuWVNQbU10N1NVeklDNjM4T3NFaUR5azJCUXBuR1FWMDJnSUxJSGx3ZmdOZS11a09LS2U3RFZwMTNoOVFhMVhzdm51cDZ5QVF5a0JLNTZzZVdOUDI2OWh3?oc=5
What Trump’s renewed attack on Iran could mean for oil prices - CNBC,"Fri, 23 Jan 2026 08:00:00 GMT",https://news.google.com/rss/articles/CBMifEFVX3lxTFBlTWM3VUlWREhKOS1NWUpoYmgwdEJZYUZwV1dvSDNmRXRCaElqeHQzMjlpWUk1aFpkTGFuQlNiTllxMWFVZnB1cnducE53dWVONGdQeHN2TmYwellFMHJ5Zk5LNks3ZGFGWVRadkhkS2ViU25Vck00VmxZWm7SAYIBQVVfeXFMUEhaa0tsazY1YkE2WTJrSFFFWjN3c1Y2c3RNeW5ZZXR2b1BTdW1ZUTBWaTFSZ2RubXVKUDBhWW9hbF9pRXhQby1VYlJndEtLNktTR0xOQlRSc0p4eWdRXzVYNW9KS1RVZHJ5VlN0WWtySXR0dmFTS2ZqMGJQZDN2X0ttZw?oc=5
"Oil Holds Gains With Focus on US Inventories, Canada Wildfires - Bloomberg.com","Wed, 04 Jun 2025 07:00:00 GMT",https://news.google.com/rss/articles/CBMingFBVV95cUxNS1ZXZDJFbjZJOXJYVFdlSVF1UVp4TXdJclpINEh5SGh4NEJQMmZyNmRvXzY4UVBrQUtUTnhjMWxQY0FSWllxV3pwSmpReWVSaWc1U1ViVV8tWHpHUVEzcUp5ejRuS25xWXRtU3dqX2lEQ3JEanZsU1BjN0xOR00ycXl6U3d0Y3VfUUVtX2N4WFdXcjRnLWR3YWhWYkZiQQ?oc=5
Big Oil doesn’t share Trump’s dream of making Venezuelan oil great again - CNN,"Mon, 05 Jan 2026 08:00:00 GMT",https://news.google.com/rss/articles/CBMidkFVX3lxTFBoS09qcDE2eW82NmhCX3ZmNWJhYjhTb2REX1d6eDc4T1FsSWpJNHJhc0VLdXZ1Z1BZMEtXWkJpQi1xTGJiOUNaY0RlbDVob2hKOW1BeDZIUGx2N0tZdXBvdDEzX3B4ZWZBUUhkOUk1azgyNVdrQ2c?oc=5
Oil Edges Higher With Trade Policy and Demand Signals in Focus - Bloomberg.com,"Wed, 16 Jul 2025 07:00:00 GMT",https://news.google.com/rss/articles/CBMinwFBVV95cUxOUmJoRl85SVFQdzJVQ2lwUXRIb0NOc0RSTm9CWkRvdGphdUJsdWtfbzFobVdqa0RlTVZuY3NwUTlhbWV2aWEzT29VZ0R1SG9Hd25BZ3BuLWJMdV9wUXRaQWdwV1cwTzBQc2tac2RDMVJEOGpWNnRDek5GWEktTW9kMF9OLTNQeEZSRVlIZUJCV3lRNzJ1eGFfOEVXa1RHOVE?oc=5
"Why Big Oil has a long road ahead in Venezuela, the 'fallen angel of global crude markets' - Yahoo Finance","Tue, 06 Jan 2026 08:00:00 GMT",https://news.google.com/rss/articles/CBMizgFBVV95cUxPS3dwamJ0anA5YzM4a21Sa3NfdDlsdkpKLVZ2bEYtYnhLcktxQkxQeFVGeHhMcW9wYXB0S0t0T19rVFM3SFhPRXctQjBJaXpEMC1jT2o3b3Vrd1FScEEzcmdpV1QxSDRQck1QWEJxWndud0tSSEpnX3BRYTVreE1MR3lTdDlKUjZUWVdJcmJPVjFyd0hNS3N0QURLVE5EYTZXSzRLYTEwY1h5ZnBLUXBCQmY4aXN3OXVkN2c0UEdoNExzMmpEM0N1Q2Q4Z0pfZw?oc=5
S&P500: Stock Market Analysis Signals Bearish Bias After Jobs Data and Oil Drop - FXEmpire,"Tue, 16 Dec 2025 08:00:00 GMT",https://news.google.com/rss/articles/CBMixwFBVV95cUxPUEdITnNUR3Y2UmxORjMwT21WQ2t0azdJN1BEOTZoWmtGNllWektHTnRRQnpjQnVkQnc0d0RmRE9VMXRNR21fN05halNybF9BSUFFd0FSekJBYlA5TWs0QldyeFZEUXRlMEJHZkdadjQ1TjBzang3dElxMm52VlJ4SkIza0xFQ1Nid21BUzFkSkFHX2J6LTVVNVNEa0E3R0RsN3puNEpTaXFyeW1IWFZIV1pIVTRjN1hZT1BGbHVNZWl2VnFjNDZR?oc=5
Oil Steadies as Traders Parse US-China Framework Deal on Trade - Bloomberg.com,"Wed, 11 Jun 2025 07:00:00 GMT",https://news.google.com/rss/articles/CBMinwFBVV95cUxNczk4ZEJUM29fRVlkQ2hMTExKaVJ4cHFseFdtT3RhWW40UkhEWmZ3VmdDZEJtVXJTMkVBTDctYnNYZ2RvOWhFZUJYbUlYUF91eE5FOUxUSVp2UFpuNEZIYjB1cG5TTFMxVXFGalRYdmp0WkZCd3J4ZDM0cVUxamVIdUdpcVRXR0JrWmc4T2ZDSGZJOUo4Z1RQWTBrNm9SdFE?oc=5
Oil Ticks Higher After Two-Day Slump as Traders Assess Ceasefire - Bloomberg.com,"Wed, 25 Jun 2025 07:00:00 GMT",https://news.google.com/rss/articles/CBMinwFBVV95cUxNQmFEZ3NWM2pNcEZwR1NIM3IyVDFHREtWUlF4UGFsVFBtejBsN0drNzhHcE8xYXNuOEcxT28wbFRfSS1XREtFb1pqc2xDeEJUdmhrTGlUY2JvLVQ5THJleE5icFVnY1h3ZUUxSHhwdlNSZkluVTQwM184SWFxRVdhalZCYmRFSGt2YVpuN3V1Q0dvWk5BTDJGTTE5bVFXUEk?oc=5
Oil Extends Drop as US Stockpile Build Amplifies Glut Concerns - Bloomberg.com,"Thu, 22 May 2025 07:00:00 GMT",https://news.google.com/rss/articles/CBMingFBVV95cUxQQ1FieDd1c0VuOEpMN2NIYVhJWUpqZUVpcER0UnZqTzY0N1luY08zTmpLUy1hMHozaXY2Mm4zdmhPQTlHQmkxbHJGUjFLa2R2Y0dRc2Jsc04xcXJqTTdtZU1kbVlGWXJURWFzNnpSRjFfY2NTaGdvU1BLR3dPaHRwaGtsVWhwVjVMMlZCOEExSGlYUVR0bEcwVGM3NDBjZw?oc=5
Oil’s Spike Unwinds as Traders Await Iran Response to US Attack - Bloomberg.com,"Sun, 22 Jun 2025 07:00:00 GMT",https://news.google.com/rss/articles/CBMinwFBVV95cUxQdUdaZE9OcHlJQm1DT29UT3RVVnRrV2lEVm93RGlrcTZPZmxKYXh5cUZYMnBBX2p4Rl9DWEN1TE5ELUw2TGkxbmVoTWZWa1Fqc3JZR001MDhaeTZnb0dVTWlEX3IwSmR2bUNmUWFmUzR3c0VyYnpXVDF0c1lBdW52WG4tXzVoZWZ1R204Z1llZkdSQjZKdHR5VUJaUmgyalk?oc=5
VIX drops 6% on stock market optimism and falling oil prices 📉 - XTB.com,"Mon, 16 Jun 2025 07:00:00 GMT",https://news.google.com/rss/articles/CBMiuAFBVV95cUxQcElIWktReWFXdEZCazhNaG1PX0k1X1VQOHlUSjh6UHpKRzIxOEgtZjdqc0YyTW5mVF9sUFZuTUYxTVZUUUgxMzg4Rm11di00QnV6MFhxR0ZpWWxDeHdTRkdSa1lERDZGaHo0X3Z1N1V0MmZlNE5yUFd2dUlGLTBsZ2lkTDB3UmxqWnJENjJudVQ0THpzYUhiUHRnUkVUbkVEU2dsUUVYTWFSeldPY25NTmluejk1M1pP?oc=5
"Oil Steadies After Rally Fueled by Trade Optimism, Iran Remarks - Bloomberg.com","Wed, 14 May 2025 07:00:00 GMT",https://news.google.com/rss/articles/CBMingFBVV95cUxNcURPR1lKcU00NUZCRkRPNlpUdUk0cGRGSkVINmhVSlpyVXhwVjF2alV2UWNxLWNfSlNuWHo4NTFuNGFyd0swWmwxNElyaEVkSHNZRVVkaXA5WG0yOGZiVVFjNnpSR2VZd25KZ3p6Yzk3Z0gtZkdkbWR0QlI1MnRybHplSEc3WmVibGJjWklzYXdWVTFkSTF3dWEtajhrdw?oc=5
"Palm Oil Market Analysis Report and Growth Forecasts, 2025-2030: Conventional Palm Oil Reigns with 99.06% Revenue Share in 2024, But Organic Gains Momentum - Yahoo Finance","Wed, 02 Jul 2025 07:00:00 GMT",https://news.google.com/rss/articles/CBMigwFBVV95cUxPbXFwV1FObDZRbUtFVFU0SDhjRVBEZmhXWXJNSjBRX0xUeF9ybVZHOGJjbVR2cVZ3N3dGS29rdFBKUlVTRzV3SFhqSFN1SmFaalk0SS1Ba3M1YURNTjRNNVdMcFlUY21BMFdlSGdkd3hOTFZxaUpZX2RlMkxkZkpSRllINA?oc=5
"ChartWatch Markets: Uranium, coal, crude oil – energy commodities review, plus Nasdaq rally hints Santa is near - Market Index","Thu, 04 Dec 2025 08:00:00 GMT",https://news.google.com/rss/articles/CBMirAFBVV95cUxQeGllb0VUM2VnRERWN19Kd1l3TWdvZnhVS3liQk1IVVF4SHdDSUROOWZwWlV1enNOSGlxcWw0SWNxelhadHFOdE9HZE1wQWRrTzNTN2l0bUpaTGd3b0pKa0dDSDBWMFRTQ2EwcnJmSDBVMDVEQTZjYW4tRzFWTGdaaHhJQUNFUE9xQkNxa1FqWHB0cGUtOHFjdUhnRTU2UTNlczQ1aFdiTEZCOW1p?oc=5
Oil Market Report - March 2025 – Analysis - IEA – International Energy Agency,"Thu, 13 Mar 2025 07:00:00 GMT",https://news.google.com/rss/articles/CBMiZ0FVX3lxTFBvbGJKVVRES3pRb0FOYjdwZld2c21scVh2aG95eU93UTBlVjlLanVTV19DVUF1WXU5YU5xTzd3eUx0REJGa1FqOUoxQ2pzWnF5X2J0NHhrV3gtMmQtY1hpSnNiVUxSckk?oc=5
"ChartWatch Markets: Energy markets check up – Crude Oil, Coking Coal, Thermal Coal, plus two strikes for US stocks... - Market Index","Mon, 03 Nov 2025 08:00:00 GMT",https://news.google.com/rss/articles/CBMirAFBVV95cUxNb3gwZDZseWpyRkplY0Mxckc1Q01TRUxtZ0hGMmVFTDNKWDE5dV9HZ1NURlEzdzBHWkliM0ZsYjJwOENWMFJaekRLbU5ueEl5LTJIblBVX3BLaFdJTlFoQ1VaOTZxa1JVV2NPTG5JLWxONzE0SlRCTWxiS3BFRnpPRVNONEdhbUZBWEE3YmNrN25Ka292SGNNSDJobnVvRy1JaG4talprODJVUmJT?oc=5
"Market Trading Guide: Buy Oil India, Tata Steel and two more stocks on Wednesday for up to 8% potential upside - The Economic Times","Tue, 27 Jan 2026 08:00:00 GMT",https://news.google.com/rss/articles/CBMimwJBVV95cUxOZWNHdkJDWHdFZU8yYUtZb1E4bFdseVRsZV9MSTQ3TEZGandnRzRaSE1iSjNCSkRZNzZtLUhlLUtySlpKNDl6dlZWMDZQWnQ3ekJjWVpxQVVqMnEzSF9rZGY3OE9sY2YxNkE4WE1xOEpUczdGcXJlNk8zV29FdGxhVGdUVHEzN21tNnZDU2ZPQkVKX1VYMU91NHVpU2pIOWRhVGYxRmp0dHpJZk5CRFYtVlVBZXg2OGp6dkFRN2NCeXJnZjJvUlNfbk5xSjBlRmVOR0gxdk1EVl9QN2Z3NXFySlF1MklkUEx4bHhFaFBJRXNmMTczcm9KcnAxVTdUa3hDXzRNQUFyNks2dTk2bGlhZVVzUzJwSFJ4QS04?oc=5
Investing in Oil: Top UK Oil Stocks of 2026 - The Motley Fool UK,"Fri, 16 Jan 2026 08:00:00 GMT",https://news.google.com/rss/articles/CBMikwFBVV95cUxPUTVEdnNfQjN5eGNOWmN3Z1M0MjR4UGJZZk9EaU10UTBEVmVlLWlZdmNuT2xWOHVWT1c2WjRQQTdyU1lQdEplMHhBOW1DQzV2ZHF4Y0NLeWRmUlY5VV93dXcwNTRpMnN4WXN6VFItM0RPTEtPbzU4dUREUllNZlRoai1XXzJYRlBidzBSYlY1cUt4a0k?oc=5
Oil Market Report - February 2025 – Analysis - IEA – International Energy Agency,"Thu, 13 Feb 2025 08:00:00 GMT",https://news.google.com/rss/articles/CBMia0FVX3lxTE1ham9XTjlnOWRYNUt4WUF5UXZDR01mRV93bmdNOVg3XzdrRHphdkxzdmowcWRQeGNaZHZnY2dCMlhWemFVUmFBYlNfRzlWVTlIY0VRZG9SWl8xczYtWURmRmVaaWVqMTYwQ0RV?oc=5
Oil Market Report - January 2025 – Analysis - IEA – International Energy Agency,"Wed, 15 Jan 2025 08:00:00 GMT",https://news.google.com/rss/articles/CBMiakFVX3lxTFBVSzVVVDJvNllucGp0b0hib3dldHBKOFBHZkd3Tk5HNW1nSmNoTDgyd2NIMkgyZURXQU1YR2lCM0FQTnQ4eHI1b05NOEt5ajZubUlPaHhnVGM2aGJma2dkLS16Rl9mbzMydWc?oc=5
Oil Market Report - October 2024 – Analysis - IEA – International Energy Agency,"Tue, 15 Oct 2024 07:00:00 GMT",https://news.google.com/rss/articles/CBMiakFVX3lxTE0xV00tUG5NY3JQckhsYnRmUnYyMmZ0X3lvekEzNGowMElySnk1R2lIVDlhRm03N1YyOWtDLUJ5bUU2aVZTRmRiVmluSG9PM1F1SjRBQlNjR05aSmRPd2MyZDlJdWVIMTNKRXc?oc=5
Oil Market Report - November 2022 – Analysis - IEA – International Energy Agency,"Tue, 15 Nov 2022 08:00:00 GMT",https://news.google.com/rss/articles/CBMia0FVX3lxTE41MVhpZkowUFBxNnpoRElXR09rMFZNQzRTNnNvUHU3WURzSWZLeGsxcTZ2TTR6Z1llTGJaSjRlS0NzN1dpRVhldktSblhfcW1TaW5JWFhheTcxVTZRalUycDFvN3V3WlNKTXR3?oc=5
Oil Market Report - June 2024 – Analysis - IEA – International Energy Agency,"Wed, 12 Jun 2024 07:00:00 GMT",https://news.google.com/rss/articles/CBMiZkFVX3lxTE9mSXhLSHlldHdHbDNFU0x2dmwzZ0NQUXNuMTR4U2RiRFF6bEFGZ1R6ekVIUHFhZHZ2WV95dXlodjdWcGJlSU5wMlY5OHlPaTFIbVM5LXFodDBPdWR2b1hCZHVNdHFNdw?oc=5
10 Top Oil-producing Countries - Investing News Network,"Tue, 29 Oct 2024 07:00:00 GMT",https://news.google.com/rss/articles/CBMiugFBVV95cUxObU10dmhfSnUzY2J4SHFIX05rUTBtQTdabnQxLTF3NXlSUHN0STBkZEZWdHdIaDN4ckVYdmkyN2xxYnFYdkFSdW5lMTBzZENkbXZrazR1SUlVTTF0b0ZLUFRRSV85OUlid042NnAxT0VUZFB2RzZBZkE5dnNZbjJWQ055ZDhlNm9FNnFod29jenVBZXFCVktqdEYxcGxWdUNnMENQZUh0eFNUM0NLWnMyM28tSWRiVGVfMVE?oc=5
Oil prices fall as market weighs mixed supply signals - Reuters,"Thu, 14 Apr 2022 07:00:00 GMT",https://news.google.com/rss/articles/CBMiugFBVV95cUxQd2NwOVdVeUE1VEJyLUJpZjhLUjIwUm1Jd01NaUpnSXdCYlIxcGFGOTUteTA1cjZRcVNQNXpndEpZcV9oakRiWk5xbWZKWVRwNWFqc3VzVEtEcFBKX2dwM0pZMkFZdmIzVWpFM3pFOTRweGpsclZMUnJPZkl4TW5QU2I5cFN1cHVNMmg1SjJYOWM5cXd2MC11OVlRUm90bkRobUlDV3FyUjNKRTYyeFFmVXA5X0NBSktuV2c?oc=5
Oil Holds Advance as Market Weighs Conflicting Supply Signals - Bloomberg.com,"Thu, 22 Feb 2024 08:00:00 GMT",https://news.google.com/rss/articles/CBMingFBVV95cUxOanJJM1FvVzBvNGxldzBlMGZXWDctWWZMb1NreFhDS0tWRXF3cy1vNktuNDlnd0gwbC03MTgzbURWcldyaGNzaHI1aFdMWHBwS3YtOFdMdWlybkExek5EZDNETko1VGFjRlJJZi1DSTZQajdzemJBbXFiRV83elVmeGtjX25XU2oxNlYxeEJmWVVxbDQyNFpwc1VHYXZmdw?oc=5
"Sesame Oil Market Size & Share, Growth Analysis 2025-2034 - Global Market Insights Inc.","Thu, 12 Sep 2024 13:28:23 GMT",https://news.google.com/rss/articles/CBMib0FVX3lxTFAyMjNvaUFaYTdSb0MzN0NjdkdYdFNZXy1SOEJWZ1J3Nl9qQ3dkSTR2R2xNUEhIMEdZUk1qY0luOUVrZjFfMWhGc1ZNWWhpWUY0TjlHS1BJS0c2MTVaOXp1bHVoVV90dXhudWVqU3R4OA?oc=5
"Malaysia Oil & Gas Market Analysis | Market Size, Share, - GlobeNewswire","Sun, 24 Sep 2023 07:00:00 GMT",https://news.google.com/rss/articles/CBMijgJBVV95cUxNWXFiRmxYekFfWE9qYnl4emhGRER0ZFFBcEFrMXNDUVM1c0FiMFJOQWh6M1FYcFpMSjFIejRyR0RYVDFUNGFqb0hIVlJzaXlTMXM5bTlGSnE4WkZfRDNlcGI3dDFKV3c2LTl2cmlzWTdEVVFGckdtN2tOcVRmaWRCM0E3czhpTk9SNGJ0V2pwWFZwVkxKVU8wczVyU29rM2p1OGNDSXVQaFI2VXNjQUhMb3VYUnRycVJxVlhYR1haNkduRDJTT2d4ZG0ycnhpS3ZOazV6MkUwRDMtaFI4VlJsVGFWTi1lUW1TUEhxUUlTNndkM08xekNzVVRfV01LOHM1RElZaTZrdzFlTXFmSlE?oc=5
Global Market Headlines | Breaking Stock Market News - Reuters,"Mon, 06 Jun 2016 02:15:43 GMT",https://news.google.com/rss/articles/CBMiR0FVX3lxTE5ZWXF2SEtaQVRwQ2xTbk1CYWlTbXRfQV93SXNlWVJYWkEyeTVVajM5bU00d0szRW5kdDdVa0ZDY3JJNkZRRmlR?oc=5
ZNOG - Zion Oil Latest Stock News & Market Updates - Stock Titan,"Tue, 13 Apr 2021 06:16:09 GMT",https://news.google.com/rss/articles/CBMiTkFVX3lxTE13S0dnQnNpaF9ZWFFtNlEta0J0dEJDNC1MUHZKTjc2VHVhQkVYSzZ4cEVRSm5XVUxyVkIydVVROS1PdWpHSXl6T2NRdnhKdw?oc=5
Oil price spikes – what does it mean for inflation and the stock market? - Hargreaves Lansdown,"Mon, 18 Sep 2023 07:00:00 GMT",https://news.google.com/rss/articles/CBMimwFBVV95cUxPYWdXTjVzU29Ndkl1UjJnczlvelhFZk9xN3g5Y0k3NEJOdFlrZ1ZNM1pVWmtsUzV2VTZobGZDZ1Nhc3A2RVZmNlpVd0o5eTlfbGE5dktvWE9YcGxtaXJHbDREX1EtdHVIUEs3NXhUYVgxM2VnVm9oTWl4QUw0Y204MFlrYXFSZVZpYzFJb2pZQmo5MDVKUTQtdzh2SQ?oc=5
How Oil Prices Influence the Stock Market: Myths vs. Reality - Investopedia,"Sat, 25 Mar 2017 07:47:19 GMT",https://news.google.com/rss/articles/CBMilAFBVV95cUxOdjRvV25iU05jdG5DY1FNM0xRSEFLUG0wYWRZYzZqNVY0WlFJOEEwaU9xMy1fd2JNdzdndWs5OXdmRHpyejVZXzVJdVlDX0Zub1V3c3pGbVRXSnJqRnNMUVlfX080a1lKZm1famxWSTktLWRSdUVRSkE5M09wUmtNMDJybDVXejMzWU9YbW5pclNtZmhX?oc=5
"Murphy Oil (MUR) Stock Price, News & Analysis $MUR - MarketBeat","Fri, 12 Aug 2016 08:06:06 GMT",https://news.google.com/rss/articles/CBMiVkFVX3lxTE5IVTRyN0l5SXpRUDFKMVowMFBEM2Jfek9rcVI0Umc1allwZXRCcExLSnBtQ1JKeXlWVUJKTnFnR0FnNklWMXNOVW04M0Q2VFFmWS1JUWxB?oc=5
"Stocks Open Lower, Oil Spikes; Home Depot Rockets - Investor's Business Daily","Tue, 23 Feb 2016 08:00:00 GMT",https://news.google.com/rss/articles/CBMiswFBVV95cUxQZS15Q2FqbVhHd2I1WnVWbU1lWVNuQ2lMdEdPS3hlX1pDdG9uMkZEWW10a3NiMnl0bjFtcGpJNktkMnpZM19mY1IwazdUbWRla0JnOW91T2pFX1J3UWlFMXlhT3JobEJUX21PdnZOblpKUXBsS0hReXlIT1NOb3JOT09OaEhCSDE5cTBkSktTUnRXTHVwMjFtbUFwdl9nanJrQzZXR2RBUU10UjY4emg5dXpiQQ?oc=5
