title,published,link,sentiment_label,sentiment_score
GOOGL Stock Quote Price and Forecast - CNN,"Sat, 07 Mar 2026 08:02:32 GMT",https://news.google.com/rss/articles/CBMiUkFVX3lxTE5UbkhMMngyaG5RbUxmS1ZGOGtMZGpWMi1GZWM4TGdVUV9kT0wwRjhITEVWVERVZnY4ekZhU0lFbWtMNWhjZGpJdm1iek5wS0lrZUE?oc=5,neutral,0.9375556707382202
Alphabet Stock Has Surged on AI Momentum. Is It Still a Buy? | Morningstar Nordics - Morningstar Canada,"Wed, 31 Dec 2025 08:00:00 GMT",https://news.google.com/rss/articles/CBMingFBVV95cUxNcmc2ZnNuakNtbHpJVW1DeEZobmttUVRVQzZ3RGYxV1hFZFhfX0NYdUkxaDJfM1poTk41TVotdEhwZXN2ODllZW9nY2pVc0prc3V0bXdsMzZBYVBIT1k1U0hBakZ0MC1EZFJ5dmpGa2RYNDVOZzA1V1FTYlRBNi0zNGRKOE0yUVk2eTBiSm05RG5YUTNCQ2xHOVhhZDBBQQ?oc=5,neutral,0.8185461759567261
"Alphabet: Solid Results, Stock Down. Another Gift From The Market (NASDAQ:GOOGL) - Seeking Alpha","Thu, 05 Feb 2026 08:00:00 GMT",https://news.google.com/rss/articles/CBMioAFBVV95cUxNdVYtc3V6anBhMVVRcEg2MWRoZVhRbWlmZjVYM2lOU1VCN0VlOTE2M0RMZ3FxSkdOWUs1MGRibTZCNVlOQVpSOGM0OFMwTV9uNzJLZUR1eDlGUXZPTEhxd1Ytc0ZHZlg0VlZlR0c0TVMzbWdjd3JxNDd0Z0tlUV9mMHhUZjhLMHhsXzdXS3ZNaE1GQzFpUThaeDJtU1FFSV9j?oc=5,positive,0.7703554034233093
"Stocks in Turmoil, but Attractive Setups Emerge (META, GOOGL, AMZN) - The Globe and Mail","Tue, 03 Mar 2026 20:41:52 GMT",https://news.google.com/rss/articles/CBMi4AFBVV95cUxOanVvVWFlOHJQOHpDYjV3UTEtWE8wc1I3anVuNklQam5uYkRxWlhXcHhFazZJWTFJU3BlY3JWSURDeVRvMkpMbHdDVXBhT29nSmNVNEV4U0tOY1NBWGVJbHBJMEJSVWVGYjBxZm53MTNocTZVUG5tajNpOUYyS0F3NGdENzdXdFg1eER0cG9zMUprWkFCdEVlel8tbGM5LVRhekowTnB3RHdHeVF2cnloeDJ2cDdTdUR2ZkFQRXdlR18tSEhkclRSMG85TU5mU0I5bnBxLXliblpSb3p1a0Zocg?oc=5,neutral,0.5076004266738892
Google (GOOG) Stock Predictions for 2026 and Beyond - The Motley Fool,"Tue, 13 Jan 2026 08:00:00 GMT",https://news.google.com/rss/articles/CBMif0FVX3lxTFAyTEZXNW85WW9BSW1laHRKcl9uTG1QNERQTWllQ1RLREdUS2JiTGlZR3hqNktaN3BERlRJM2RBZ3FSUHZXOE9FNFgwdzlZRDdIcGJfVDdfaktGaThNMmhLSTd2QnZIZWJoa3dGc1VOalNNbnVuM2FTNHB3bFVVYTg?oc=5,neutral,0.9177061915397644
Analyst on Alphabet (GOOGL): Market Reaction to Apple’s Eddie Cue’s Comments on Google Search Decline Was Wrong - Yahoo Finance,"Tue, 28 Oct 2025 07:00:00 GMT",https://news.google.com/rss/articles/CBMijAFBVV95cUxPVU1hOVQya1FEem00TUZFWjJMb1ROZFhHRXlJZS0wNTJ5eC1Pek4wUFgza2UzeGxuamJiSGNrRzRFcVczakZEZ0lmbFgzbTlTc2NUS2hXNFh1MUt0OC1NOTduWXpvM3lKMWFELWRUdEM3OTBuWG1FTlJPdGtYYjI5TG9seXFYczNDalBQeQ?oc=5,negative,0.9088224172592163
Google Tops $3 Trillion Market Cap As Gemini Takes Top Spot In Apple Store - Investor's Business Daily,"Mon, 15 Sep 2025 07:00:00 GMT",https://news.google.com/rss/articles/CBMioAFBVV95cUxOY3NxVGdkX0RsRGxfWVM2MFc1OVNudElvUjU3SGVCSUw4TF9VM2F3QXM5d3BseEtzcXctTEk0MUpLZ0RGMU03NTVUTFlHaVROQkYxWjRzekk1dUg4N2syRUtRZk5KU0xlYS1pR1lCOFN3S2thcTNTS2g4UmZNYXVfNk9XUlhKbk0tR3NhN0YtTXI4TzROZWI3bVlLaElaUXI5?oc=5,positive,0.7003411650657654
New Street Research Forecasts Strong Price Appreciation for Alphabet (NASDAQ:GOOGL) Stock - MarketBeat,"Wed, 11 Feb 2026 08:00:00 GMT",https://news.google.com/rss/articles/CBMi1wFBVV95cUxPalFwdE9qdndqZGxtOWd5M1pfdElxaE9RSVZzZW5lTm9HRHZRWGxYYWhUUTV3MGw1MUV5amhKTThaX0RzZGVYZy0yOW5pZDY0Y09MSVpEWUxNVWItbHBmU3ZpOVNpRmozSlVFQjNoN19abVhyS2k3bXVvV1lOWUVrYllBY3djZ2p1a3FOY3JkVWplUVQwZDRTQTJLUzMwbEJuOVp3cktpY2VyVVJheDZCd1RwWjVkXzh3VXZWTDhoU3hGTElvQmprZVQ3QlEtamVjMERGazVpWQ?oc=5,positive,0.940330982208252
Prediction: This Hypergrowth AI Stock Will Finish 2026 With the Largest Market Cap in the World - Nasdaq,"Tue, 16 Dec 2025 08:00:00 GMT",https://news.google.com/rss/articles/CBMiqAFBVV95cUxQYVhVMWR2Rml0b1ZDdEcyTkFQTV80TWF5RWpuNUxJWlVfaVVLVFJiM1Z4bnNfbldzeC03U3ZuOV8xamZRVVVNQy04RlNOeG40YTVnaHp3T1ZOQmRqV0ZEUTlUWXVzaFFzeTRmd2ZGajdwQ3JNNkhPOS1yT0Z3NGZuWjJzMHNlLXQzazhjSERTNjFwSU1kNkhycnNYbm1wbmUxaG5DSXZmUVc?oc=5,neutral,0.5207720398902893
GOOGL stock: Alphabet trades at $336.01 pre-market on NASDAQ ahead of Feb 4 earnings - Meyka,"Fri, 30 Jan 2026 08:00:00 GMT",https://news.google.com/rss/articles/CBMirwFBVV95cUxQRnN1OE9CeDJaQUZDbFdPTjdQem1lNHJNT1o4MTBpRV81R1ZoeWNfNWFhQ1FnOXo3d3VrdEpkNjhKVkRKV0ItXzViUnY4VjBqbHVxbzFMM21VN2pXa253akd1TDBCR3YtQmw3X3FZVXZPMXJLN0FuOW5oMkdKUVh1N0FzZFIybmdKMTAxZTJDaHRhZmRDa0RjWUMydlZnTHg4eWFwVjNGWVB4NWtNbmI4?oc=5,neutral,0.9309632182121277
Arete Issues Positive Forecast for Alphabet (NASDAQ:GOOGL) Stock Price - MarketBeat,"Tue, 02 Dec 2025 08:00:00 GMT",https://news.google.com/rss/articles/CBMivgFBVV95cUxPOXdxRG1hYmlnS0VrWjZ2WDJZczR6b1k4Q2ptWlkxRFM5eXR4LUFzNGJVRW1wTkhRVjBUdE5nRDljeHNOa2ZJY1dSSUhMdzVOMkRIQjctNXRCUWx4UENEZ0gzZlBtanFheHB4M0JmVzM3TnpDV2l1TldoZHFTcHpSSVZGODB2RWdmNnlvLWxha04tSzluYTNFWlROaURTbVg2cDVhWEdkQ2w1bEstcGVEdk1OTXRReVJSYk56Szhn?oc=5,positive,0.910439670085907
Tech Futures Rise As Google Jumps; Nvidia Earnings Loom - Investor's Business Daily,"Mon, 17 Nov 2025 08:00:00 GMT",https://news.google.com/rss/articles/CBMiqAFBVV95cUxPM2VzWW56YTc3OGpVVTVvNUxhdWF5bWI5Y2MycGRXbEowc2hKYUZJcTg4bVVLYmE5OXdPdTFlVzJLMkFpcVBsZjFYbWpncmk4WkN5aWdJUTRsNFNIbEF5RmdQd3NKLTY0UW1yREpuRTZVci1OMUl4OGFHLWtqX0pEVFJQZ2RFYm9FMVFuQXRjbS1aZHRmV3VtNGdGTWh5X2FHaTIxajVRenc?oc=5,positive,0.47344261407852173
Alphabet Inc. (GOOG) Beats Stock Market Upswing: What Investors Need to Know - Yahoo Finance,"Fri, 19 Sep 2025 07:00:00 GMT",https://news.google.com/rss/articles/CBMigAFBVV95cUxQNHVRdnhHYXpORVMyTXlIeFFEV01GcU5HSnlKODhZbVBjS1RYTEh3clZNOVFTQWdsTWl5cURrbFNkTF9OekljODBzY1A0ZXF1by0yOGFSUkEwVVVCMFVSVDA2T2x6SFZGLU9SbUlmRmVueXE1WUJMSGhhdnJCR3BPeA?oc=5,neutral,0.8607503771781921
"Pre-Market Loser: GOOGL.SW stock down 5.83% at CHF254.11, cloud margin risk - Meyka","Sat, 14 Feb 2026 08:00:00 GMT",https://news.google.com/rss/articles/CBMinwFBVV95cUxOVHNzRUNPTTQzOS1TUkROd2lXcVpLRVB6MDc4NGJPb2R6d1hsTHhIWDdsSFRCNHJwVUVNT0d0RHpmdFN5U2lmeV83NG9jeGdvbnNOTGpTN082dXhNN2lIS2k5dDhyR0d6dmtTN01IcVM2eVZiZmFQcE80OVltSVZ6ckJ2bVJLV2NjVFo4SWpNZEtoYTk4VEgxb1ZzdHNGcUU?oc=5,negative,0.9702943563461304
"Google Breaks Out, Leads Five Stocks Near Buy Points - Investor's Business Daily","Sat, 09 Aug 2025 07:00:00 GMT",https://news.google.com/rss/articles/CBMikAFBVV95cUxOUm1qODR1aWJIZ0ZSZ2I2bFQ2ZWhVRXhHa0FvQTJDeEY4eTY5aW1rTkotSURuR2hPQ1hnM050Q01QUEUxU2dBY3l3TG1kd1BuUVV1V2pjZDIyYzVYRFFscW1zVWlidVlrem5VU3FZaG5EV01kVHp1U1g4Zmk0cHdQRlE1WDFsWE8yS0pQUEZaeXc?oc=5,neutral,0.8593034744262695
GOOGL's Unstoppable Momentum Drives Price Targets to Record Highs - MarketBeat,"Mon, 15 Dec 2025 08:00:00 GMT",https://news.google.com/rss/articles/CBMipAFBVV95cUxOdlNYUWdDS0pXbldLcU5Cb21iZjVtZTQ5VnpqNjdJdS1aM2ZJWUp2aEI2VXdIdUgtTXNIWFBUdi1uYlVWWXZGS0JsLTlMS0xaR01KRTRFWFN6WXU4X2t4dm1EZUp5TTg1V1lsNWhGZFNPUGNiYkwwX2lsZ2R5SHpnZk56NmNOR2xDWEVhdlJub1Fnd2RmVHZPQXhiclAxTHkxM0dmMg?oc=5,positive,0.9019756317138672
Berkshire Hathaway Makes Rare Tech Investment In AI Titan - Investor's Business Daily,"Mon, 17 Nov 2025 08:00:00 GMT",https://news.google.com/rss/articles/CBMikwFBVV95cUxNbTMxWUhKbGpCbkc2Z1dnUnQ2VzdGS0dlRVFTbGpoMlFwTDF2OU10M05ucEZTQjUzVW0yS0JkVUFRRmtlb2NMWlkyYU81LWdzVnY3X2FoSDZqYm5EaFBIbjFaNzZrN0tobkV6Y28zUG43U1pWUFdkOGhHbDFSaGVlemNURllJUUFCRkxsNkdlMUstaEk?oc=5,neutral,0.8474458456039429
"AI Stocks Reset In 2026. What's Next For Apple, Nvidia, Google And Microsoft? - Investor's Business Daily","Thu, 19 Feb 2026 08:00:00 GMT",https://news.google.com/rss/articles/CBMitAFBVV95cUxPd0RVSXdfRmZKNjkxcjl5d0JrSHp0d0xmRkxEOXBQVlFpanBCMGxSQWQtaFh6SmpGcFJOcTBDRGJTVkNGU3l0WlhBcFRFNzVERmFKZUhiM0NIZkptdU1WNEZVR0tWX1pRaXRrcUg0cVV4cjFLTkhaemZGWVJ6VFg1eTRZdEJXWTAzR1ZIdE9keFJqbTI1UVEtLVFaWklmWFpFRVNrRkhEV21YX1FUTElqRW53MFM?oc=5,neutral,0.9411348700523376
"Stock Market Divided With S&P 500, Nasdaq Below Key Levels; Google, Amazon AI Spending Stuns: Weekly Review - Investor's Business Daily","Fri, 06 Feb 2026 08:00:00 GMT",https://news.google.com/rss/articles/CBMiogFBVV95cUxNWjhNTjhqb0puSWhaSDhBYkxKa19lR2NaVWVJNmlJa3dZMXNtcHRXaThkTTBFZzgzQUxsTElhR2FDTmw2WnFNZlNzWEJGRlFKaWlQVV9wSUU2T1hMMFNxZ3djTGUxeV9jNFVndElOM3FLdHRFN1dVUE5LZlpCb0FFSTRCUWgzUlY2cGFYdVZEcmJFQy1IVzlhb1JRUThsRkJWZ1E?oc=5,neutral,0.5409795045852661
Five Stocks Near Buy Points After Market Tumble - Investor's Business Daily,"Sat, 02 Aug 2025 07:00:00 GMT",https://news.google.com/rss/articles/CBMie0FVX3lxTE9wcVFYVTBMdVFKaXR5alJHVWE3dDJISUNyb1didWFPN0J3T2VuS3RFTmtYdnRKLW9hczNXUWtxOXU1Y1ZidzNaWTVMclpsUGVKNHY5R1dHQUNTMGNRbjhqaE50VVVIU0hCSmRfYVg4cS1ycjd1TnRCSjd3QQ?oc=5,neutral,0.804570198059082
"Buy, Sell or Hold GOOGL Stock Before Q3 Earnings? Here's What to Know - The Globe and Mail","Fri, 24 Oct 2025 07:00:00 GMT",https://news.google.com/rss/articles/CBMi5wFBVV95cUxOZ1RRTlpkMjA2OGNFUEZEWXpoNGxDamxFSEFndXFBVW9XekxPZ2R5MjE2NzBlX3ozR0RaRDd3U0NkQWdGTFdsOHNzZnd0YXpCMjYyS0VDN2MzeFA5eG8zQzMwUm9ZOVdWekl6QVVvNFo0X2tsZzJrX3lpNmR3bzRzbkZONERYUHA3bXc1TENFTUxrQkdfdDVPbHJ2ZE83Yzd5d0ZqTERxdUVTLXRETi04T096YjVWdl9FR3Q5bzcwS09qRkxiR2FoODdETkFZZDJhSHJkX2xHb1NiN0xrT1dpcmpRRTg2ZEk?oc=5,neutral,0.9366871118545532
"Should You Buy, Sell, or Hold GOOGL Stock Before Q4 Earnings Release? - The Globe and Mail","Mon, 02 Feb 2026 08:00:00 GMT",https://news.google.com/rss/articles/CBMi5wFBVV95cUxOd0N5N04xaFgtT2EyejdVVXRWby1tNENNN1ZhcEFXTnhOZlBNZW1JX0d6LTFuT0xwdG12VFhSYlZ0VkJPWk5wZ19wUDNOQVJmNWhZWGdOWXBBWjlPRDVoZ2d0Mm44Zm8ySkNfc1lQTUx5dF9HLWd3bkdwci1jRWxtb1BkUFlTRUxlSnRMcTAyUHZBQWJqdnlDNGRlc1B4djcxZURCN0EwRTU4eVg0M2lmenpRdlJzWjVocXVwVHFvQ3BONUtJejltSXNReFM4OHdzT18zOFVXSDdpZWlBSnp1cXRNWVZsVGs?oc=5,neutral,0.9433776140213013
"Alphabet (GOOG) Stock After Hours Dec. 12, 2025: Google News, Analyst Targets, and What to Watch Before the Next Market Open - TechStock²","Fri, 12 Dec 2025 08:00:00 GMT",https://news.google.com/rss/articles/CBMi1AFBVV95cUxNVFZfVlY3LWdxTldka0dvaW9NajkxeHd1cE84RUJnRlFPSGVSRWFYYzNHYUhwX2FEMHUwV3UzYTdDOEU3YU56UWtOREVGWU5RUkhoYWtNMGhtTnpicDc1UTFIbWdMbVhGNllPckFuaG5CRGktQ3VZc1Y3YUR0ZVJ4ZzdRTW52SVNCaUNXelo1QTdGcDNJc0o0SGtOX19keEFBX2JpV1NaNU5sMXBvYjB3QWszMGxLS1ZzelZqRGxMbk1LeTlWYXJaQmdkQmtQVVI3UmkzZQ?oc=5,neutral,0.9429463148117065
Alphabet: Market's Panic Spells Opportunity (NASDAQ:GOOGL) - Seeking Alpha,"Wed, 16 Jul 2025 07:00:00 GMT",https://news.google.com/rss/articles/CBMiiAFBVV95cUxObTlqLXFDR0g1TzVJT0p5QWJNNEsySXFUemFCb0FCNjN0bUlWdGM4blEtMTJMRVRJbEpDbGxRaUcxMGJ6emJJci1hQXFZaVhmb0RfclBtekJ4RkVaUjIxV29JZnVCTjFHdEpXRkJMUFF6X0E0dEt0MEFfMmJHa194ZWVOeW90T0xx?oc=5,neutral,0.7655876278877258
Can Alphabet’s stock post more big gains? This Wall Street bull charts the path to $300. - MarketWatch,"Mon, 08 Sep 2025 07:00:00 GMT",https://news.google.com/rss/articles/CBMiywNBVV95cUxPVThqQ3k4dWxTVURUOWdQM0Myazc0MEI2cktINFFJaGZjNkxIZnRVanZqcXIzQ0U2aWpkZlFyLUg4YS1EbmZ2a2lZNWNyNkNjR3JOOUhndkVERHpPZXZOUk5WZHROZGxVMUNYbkNTcWlkTjl6YS1RQ01EMXhmRzdMVHVBX3dOemVRS3RhWmpPa3E4ck15bnRPelVtRGRnaWRGLXF0bWFXNEZNTUtqS2RuMjE4WUp5NHpCUEVTZVpyRVU0cHVKRWR3QkVrOUJFVU5ZU0JyN0NtZFp3WWZ1VWN0VS1LbGpoNUJEMWFnNnh0M2xhT3JWdnQzdzBHYXB0LWNwU2pjN0lET2RPa2F5bDNuX3BzLWdOSnFSWWtiYWV0QVdqT2tJT0NTdHN3VU9GS25pVFItd2NXNW9oZVM1RUc3RGZUcUZVU1VCemlMUUF3bjVXZDhzaEFHQUFOWUwwYzUtOEJGSTJZQ2tlenJJUGhSTlAteUJ3Yzh6WFdhRTBiZVZicmFUeTJYRjA4S2c2cmxIUnkyeHJmcF9mOGxhalpiODhwTVBFNjBfdU5icXk5czZEbW1Kemdqc2c4TkJ3dWZoV3N4TDFiTGFybVU?oc=5,neutral,0.8366721272468567
Cantor Fitzgerald Forecasts Strong Price Appreciation for Alphabet (NASDAQ:GOOGL) Stock - MarketBeat,"Thu, 30 Oct 2025 07:00:00 GMT",https://news.google.com/rss/articles/CBMi1AFBVV95cUxNTmZmaW80WGdXdnFtLWdrd1I4UGFOVV9RU0VoWGpkcFpKRXFqZXNZN1Z0WmdnVlgxajY3TXdud0R0bkVCYkh4Q0g3YXRwZnVVVFB0TThnOUlWbGtvR0xNTjloWUVfamN2X3BTNFpuZTFNdDFXcHgyRjdHbE10U2dpczduTmlhaHNoWEU2bmgtaDdSNGd3dmp4ZmFiR29abUZiaWRPbGlrVEx3UkJUMHZSZDBjTklNelVBSFI1LWh3dlNRb3lSQUF4TW9nWFRXU0JtRXQ0Yw?oc=5,positive,0.9430733323097229
"Alphabet: After Its Best Quarter in Decades, Is It Time to Buy? - MarketBeat","Fri, 03 Oct 2025 07:00:00 GMT",https://news.google.com/rss/articles/CBMinwFBVV95cUxOaFl6NHpjYVhWREkta0dzb003OE84d1pQVlVYQk5nQXhvQUpEaDBkQnBsbjhjcW5VRTdYcWtkbm1MTDY5NHpKUlN6NFFfdzY1TFV3em96X0FfZXlaV0FGWUxEQTBidGctYk1XdlhTOXpLdV9UMFNKZURFZ01uVzM2dUJMUkF2aDh6WEtQT1NIeE9hODBlb1NScmhGWDNjNms?oc=5,neutral,0.8605042099952698
Alphabet's AI Moat: Why The Market Is Undervaluing A Giant (NASDAQ:GOOG) - Seeking Alpha,"Sat, 30 Aug 2025 07:00:00 GMT",https://news.google.com/rss/articles/CBMingFBVV95cUxNcExhTzdBX3pfRm9QcG9PcXpqOFhlRjQ2LWVWUUh3SGplZ2pNSjJub2JQMGF5RG1WNGg1LU1LYlFMbnZPcFJnR2R4cEt1d1ZMMFhhRVI3bDhmVFA0S1B3THUwNXZKR0ZKeVNiR1k3aTRYT09ER1ZyUVoxY1VYZXRRc05jQUZKWmJnajlIUXNnQ3cxYkNVTTE1YUM3NHRBQQ?oc=5,neutral,0.8506007790565491
"Stock Market Keeps Hitting Highs Amid Tesla, Google, Trade Deals: Weekly Review - Investor's Business Daily","Fri, 25 Jul 2025 07:00:00 GMT",https://news.google.com/rss/articles/CBMigAFBVV95cUxObGZrX0t4Nnl1dXdJUnRyMU5NX1NuT0kxU00xYktGUGFOVy1XeXRLLWY2YlBnNEdZS1draU5sNnE4VFhobU0ySzBoa0R3X2hfV3k2SV9ac0xCTmJsU0JZMWs3bGFNREVuLVNCZHlXbXlIcENKdFp1ZzA1bUxrb3ZfeA?oc=5,neutral,0.9221925139427185
"Alphabet (NASDAQ:GOOGL) Stock Price Expected to Rise, Daiwa Securities Group Analyst Says - MarketBeat","Tue, 10 Feb 2026 08:00:00 GMT",https://news.google.com/rss/articles/CBMi1gFBVV95cUxQSGhuV1JZQ0xJdTBSbmlESElLTU9naVZUaHdZM052Wlc3ZW1CazRiQzBFTkhqNklxMkpkYWJrRVlQVGNhTGhrNWFIRV9RaC1iZVJfR0cybXhBTjJWX3ZmbVdPUlgzT2VGNHFtMkN6RGl4NnRjTE9uZDZjcW85Ti16LW5tSGEwa05neTNleDRnTnVPeEhla3JLbS0wbjlxYUtTdDBHckFtS0ttUDFrOW5rYlJ4U2JMOWtzMUhpX0lJMjNiVEljUy1lR0tFVzJaQzlEMHE3Q0ZB?oc=5,positive,0.9421674013137817
"Alphabet (GOOGL) Stock Trades Down, Here Is Why - The Globe and Mail","Mon, 08 Dec 2025 08:00:00 GMT",https://news.google.com/rss/articles/CBMiywFBVV95cUxNcmVGZWtHNWJndmdlSVNhSTRiMXhNRU1YUG5mYTFrbXZrd1k4akw5U2RoRFQtMmVIcnpncWRWOGpPdzU4RExoNjJrbVZYSUNFVGdheTZfTjVkTTNXaXpUbGFZeGZtTG1ZV0VEendNUW1oejJncENYUzMzTTRtYS1SQjdrN3h3ZVhxVG5kNUpDSkJxM2t2Ym9OdklBakxoOU03WG5TTzEzNlZhQldiLXRaU2FZbWlyTmlsbTFQS0NBaE04M0piSGJKM0FkQQ?oc=5,negative,0.7865777015686035
Alphabet Stock Analysis: What's Next—Bull or Bear Market? - MarketBeat,"Thu, 05 Jun 2025 07:00:00 GMT",https://news.google.com/rss/articles/CBMilgFBVV95cUxOX2I2RTVOeDFhb1RvRmZualVuYkVmM196RmdYXzdNUkpMazd3STVTOWZuOUQzeEFCQmI1X1JyS21oSEpZeDFfQTlLN3BSWFV3bE12V29PRUN1NVQ1SlZqOWJpa1RrZHE0OU1Xa0JRMkJYYmlVcXhIV2otMkI3SlRwY0R5RWE1cFE4YktVWTNzQzJ0aHZFenc?oc=5,neutral,0.9362660646438599
"Google Stock Pre‑Market Today (Dec. 10, 2025): GOOGL, GOOG Price Action and Key Levels to Watch - TechStock²","Wed, 10 Dec 2025 08:00:00 GMT",https://news.google.com/rss/articles/CBMirwFBVV95cUxQYmN5NWctbUR1SXpTT1IwdmJlNUxZU24zb2J2SVRoT082bDdDel82LWZ4aHBUc0pxWjRSdC1MTk04TV9iYWxjcWREcUNmS1VSUl9hQVVDSUVZcWtMZm5CMDNQNWJPSVlHT2FaeEhEc3Z6UkV4Q2NOSmhUYTNkcVJ6M0QxYlhZNnJ2R1VNR0Z3NUpaZ1Bfa2JqSUJuRThRVFh2cGZGOGxHdVNjOFJBTGZZ?oc=5,neutral,0.9414262771606445
Alphabet (NASDAQ:GOOGL) Shares Up 2% Following Analyst Upgrade - MarketBeat,"Wed, 21 Jan 2026 08:00:00 GMT",https://news.google.com/rss/articles/CBMisgFBVV95cUxOWWoxdnRZdVF5Y2lneU1xcXBRSmQyZWdIc0I3eF9UR3l3Q1YxNE1mdkhxUGJHX1RfVlRZeWxSV2EweGVUclhPMFNzRFZVeWcyOEFMYlktSXlMdlZ6dW9PMlNiR0t4enNWTXBOSllndXhCbnppeE90ckswVXg0ZDNSSDNYcEJqcURhME42SWpONmFxcm8zb2thcjFmZHRTYXdaYU9QZVRKdzZYX0ZReWxIOEFB?oc=5,positive,0.9427960515022278
Alphabet's Path To $4 Trillion Market Cap In 2027 (Rating Upgrade) - Seeking Alpha,"Fri, 05 Sep 2025 07:00:00 GMT",https://news.google.com/rss/articles/CBMikAFBVV95cUxOUWc2b2ZPSXAwS2lyUTcwWDBPN2Z1eE13Ul9EdmJBUEpJT1NrMFBqcWRxVjhBc01IWWtNSFVMUVRIUU9QaXJGTzV6c2twRlQ4WHdlVGlxVEtGSlBYYklMbjlOM3dicU5rU2FQWlFoRmNJU2dNNzZFOHRxbUlZTllpZlN4a2k3S09GVTdGNDJ0dDE?oc=5,positive,0.8102818131446838
Alphabet (GOOGL) Stock Slides as Market Rises: Facts to Know Before You Trade - Nasdaq,"Tue, 03 Jun 2025 07:00:00 GMT",https://news.google.com/rss/articles/CBMimwFBVV95cUxPZDJ3UjBIZEhLX3FUTnlOSUV0NXp6TWZfWkVZSGcySXdqazhIeHM1OTNtdTZ5STh5bS10UzRHaTZHM0pRRk9BZzd6M3NxWkRBZE9zR0o0RWNTelhpOXMxXzFmbGFpT0ppaTljZ3Y4QjJoejhiRnZ1MTB2S0FOUXhEYlVaTElvR0h0WXVya2tpWWp5TnNISE93d0pHaw?oc=5,neutral,0.8610008955001831
"Stock Market Powers Higher Amid Huge Earnings, Federal Reserve, Trump-Xi: Weekly Review - Investor's Business Daily","Fri, 31 Oct 2025 07:00:00 GMT",https://news.google.com/rss/articles/CBMiowFBVV95cUxNX3ZzdFpwNDNBT1oxSV9VLS0yVnRJZllZOS1WWDZzeW1iQmdUWnhhMFJINFdDQTRFSmFSNXFhYTh4dmZpS24yM3dUcG80ZXAxTGh4N3JjM0JiWGxBVnZtaUE4OTNBSlZzT1QwNjlpU2Rtdy1UMVZGVGJmS2N5a1JsM1Q3eHdKUDVLbGR4V3FGSmEyNEh0WW9GY3VibG9zU1VXVUdj?oc=5,neutral,0.8703479170799255
Alphabet Inc. (GOOGL): An In-Depth Stock Research Article (12/12/2025) - FinancialContent,"Fri, 12 Dec 2025 08:00:00 GMT",https://news.google.com/rss/articles/CBMi0wFBVV95cUxOaWVNRVJvVUdBSXNlbHk5TklWTE0wXzdDUG1sSVJmaGNGLVk2TllicUZHLUZzVHk3THVSVndlZDM3RmZCdFNpV2I2SklEUW04NDFRZ1loV0htdklwc1RWcWpacnVYcDNiTGZrZTJ2enJBMXd4OTZWRy1ZLTVvSjdCblV3blFJMWNxRWhVU2d4MzcySlZMaklCeURtZWFCckx4WGM0S1BSeGlYVkppOE1jSlkxdUhCenI4c2d2cVdDS2l3eW9wWXhjOW55OC1leEk4TVNJ?oc=5,neutral,0.9429046511650085
"Alphabet Rises 34% in 3 Months: Buy, Sell or Hold GOOGL Stock? - The Globe and Mail","Wed, 15 Oct 2025 07:00:00 GMT",https://news.google.com/rss/articles/CBMi3AFBVV95cUxPZFpVUEhobGpnTGZxejYwbHF3RXZpYTNnbUl1azQzYnBudDBDOFphMTQ2bHVTSXZ3U1J6QmtLbF9mc09BdVd6ZmNCdUdpaXVvMElKNVR5MDlSMEdsNkVPTERhSlNKN3VQejBKeUNkMVRTVU11Z1JXc3BINHlsczZVRVNXazl0WjRfRUhjbjFjbDNFdXMzNHZZM2U2cnZXSnNzQmFkN2dlSjBqeGhQOHltSVN4dGJveVBEd3hLU0gxVXRCcUd6MDdEWXp2UEk2eFdxcHVVSHV5bXQ2UVBE?oc=5,neutral,0.8490649461746216
Alphabet: Non-Search Businesses Worth More Than Current Market Cap (NASDAQ:GOOGL) - Seeking Alpha,"Tue, 10 Jun 2025 07:00:00 GMT",https://news.google.com/rss/articles/CBMiqgFBVV95cUxOUWp2bmxPYWF0M0lvZzlGZm1oZm9vemhWbVVDX2wteEdsMV80S3FROHllQXVLUWdzaXNYeWZTckx1TGoxalZGeGlUcV9fYkhHYXVpTXBtcVpyMjU3YlpNaG9KNUZyM2xLTXlfZGpYaGQxc0NJZE9zLW41RmI0ZTJDNWRzUldQb3lVcjJydUFaSEw5TGpSbkhsT29pNGRmN1NUZndFaG5TMi1Pdw?oc=5,neutral,0.7737770080566406
"Alphabet: Quietly Dominating AI, One Layer At A Time (NASDAQ:GOOGL) - Seeking Alpha","Tue, 11 Nov 2025 08:00:00 GMT",https://news.google.com/rss/articles/CBMilgFBVV95cUxOR3lxTkpyNFRScmowTHFwcmV4TjZGN3lfY2JhbHJkVFNhSm5LNUV0T1g3LTNkbXpZYk5OWFFoZjVSMTJGbFMzTkdTRVdmZGc2WExPczl2ZGpLck41SVJoM1BZUEhkY3JPNkxHQXZmTF9HUVc3clBjcWE1WXNnaXQxVnJpQTNxX3BxYTcyRTJ1QTBtOHpXUVE?oc=5,neutral,0.9222410917282104
"Alphabet Rises 11% in a Month: Buy, Sell or Hold the GOOGL Stock? - The Globe and Mail","Fri, 08 Aug 2025 07:00:00 GMT",https://news.google.com/rss/articles/CBMi4AFBVV95cUxPMVUxQ3lNcTBVN0tuYmRPR2dzeDZ2SGs0NFBZenhhWXpiNElNVWs2VUVmeGJoQ2FRbWNjYUp3b2t1WmM2S0JsVnlGX0FFaVJsU2hPdHZoaW5GMU9YVi0wZHlEOUs2OVdKT3RBUS1TWUk2YndxVXZnUnpZUWRtdFFqZWRSMXBXb1pzbkp4WkNiRTd5NV9FNEpGZEVKdVFqRnpjY2dsT2N2T01BT19JX1RndjlNWXV1QU95a09ERGZUTnF0N3FrZ3kwQmh1ZXJhWFJpZlM4ZUwyUUpqdmEwZTlVcw?oc=5,neutral,0.8970510959625244
GOOGL Rises 79% in a Year on AI Push: Will the Rally Continue in 2026? - The Globe and Mail,"Tue, 09 Dec 2025 08:00:00 GMT",https://news.google.com/rss/articles/CBMi6AFBVV95cUxONl9RSWhxUzBsNDBMRHZNUG5Wa0lwZ1Npd3Y4ekJTNG5JVnIxZ0JVQkV5U0pVMDdOdUJ0QXdmcVpwMTNGbTYxRmN5SV9hUXRfRU9PaktKOWNtOEprRk1FRWFWOGY4TENXeDluQjNqeFBSd0lBNWkyVHR5TXVsa1JERFpWZTVNUXVuT25WNzYxVFU0UEktYUtmRjNCVFhjdHRLV1VqWkxpeGpGWTNuV0NYS1NkdXNQS25zQjZjMGtTUG5YV2dKanhRUlhZY1luMUpDcW5Id1hhRndoaUc3N053X21INGdsVGpU?oc=5,positive,0.8265310525894165
Alphabet/Google Inc. (GOOGL) Pivotal Research Boosts Target to $400 - The Globe and Mail,"Fri, 05 Dec 2025 08:00:00 GMT",https://news.google.com/rss/articles/CBMi5AFBVV95cUxQOGNZanlNT0ZVTV82eXdSdE0yRkRRRjk1OE4yemJ1dnZnSjNCeFNIUjY3WlVLcGsyUVVEdEFlMTMzclNTb2U5OXJMSXloMDh4V0R3Y2xsVEtFcHE1SGVXbUZUTFhpejJ5SzNvbC0xV3hqVWtBSWluUFYza2ViVDBPNGpjeHJOYUJ1dHpkSkdDazlqNHk4MTlqZm8tbGZBRVEzWEItWkVvRmJ3ZGRxVTY0dmQ0dW9ZZ3F1cS13aVZXTU5hXzk1OVZ4SlpwQ0Y0bFQ2V0toakQtUWt5Z2w1LUVoNnJqbWs?oc=5,positive,0.928068220615387
The Most Upgraded Stocks in Q3: Good News for the S&P 500 - MarketBeat,"Wed, 17 Sep 2025 07:00:00 GMT",https://news.google.com/rss/articles/CBMiogFBVV95cUxQa0RrSk1JeDlqbUs5TXJHNUVMMkFfSUJoMmhaZU43cE5NaUpac0lObnp6QkdnRy1Ka1JxNjJfMFlnTFMwS3o3S2FXRlE3SktEMHVLX0VwcnJ2MXVGQ1ZnQnE1cWE1NFJjbzRCajUteVRxckNIUXh1T1Vwbk9FYk1wbUdBczZIb20xdVNPTkxyWlZlYTdTbnZBSXdYTFZJdm9TYUE?oc=5,positive,0.9171937108039856
GOOGL Rises on Favorable Antitrust Ruling: Buy or Hold the Stock? - The Globe and Mail,"Fri, 05 Sep 2025 07:00:00 GMT",https://news.google.com/rss/articles/CBMi5AFBVV95cUxOQzk2N2hUZmRNSnRiQWJtYlI0NnFVd0pyYjJVbi1mTXlZU0lhUF93YmtDWWF6ZHpMeVNUeHUxOGE0RkF3dEJxMmJId2lDU2EtdXNYZkw3WThndF9FNHFQbDF0aXVIa2VUa3N2Nk1EUWV6V3F2WVMwYzBZYWZhZTk2MVdvUkFaRm05NWowOVF4U0hzUGc1d0kzUG1MZm9vNHNYWFdKQUpNdXB6STlETEtGWXdhc3FuMzNwcTBuMVFLcXFnVW1TWlFCM2RIMTI1Y2tXTEg5d2JRLW91bXpNRXFCaXoteVo?oc=5,neutral,0.8763763904571533
Can Google Cloud's Growing Clientele Push the GOOGL Stock Higher? - The Globe and Mail,"Tue, 08 Jul 2025 07:00:00 GMT",https://news.google.com/rss/articles/CBMi4wFBVV95cUxQczI4czA1LU9NTUZ3ZkdlZnZ5eFZCU1BZS2p0WldNTnBWbHlCYUM4ZlAzaVQweHBPcXIyM3hpMnBrdHN4VEtHWnRma3ZLT0oxNnZrZkJmdG1BcXFsWm5JbFRuQUs0NnN6UFE0NGFuT05PdWlPTmhTdlFPSHpscUlYRnRtWjFFZDRGMldzb0stU09ZY05zWHF5VElia3l0NXQxMUZYRV94NXV1YXJtWm9mVVMxNVloSWNOVmlQV2hnb1djVkx0Y3hfVTFzRXY2Yi1sMjhiY2JEZk5YVnRVaVkwM3gtaw?oc=5,positive,0.5562328696250916
"AI vs the Stock Market: How Did Alphabet, Nike and Industrial Stocks Perform in June? - Kiplinger","Mon, 30 Jun 2025 07:00:00 GMT",https://news.google.com/rss/articles/CBMid0FVX3lxTE5yTFQyc0xkcjZfSzhzLTJacC1DRUpReUVqZV9peWVIMlUwU0dyVUNsMUhCSllYaGdPdkt3cEFqN3hEM1NkZTBLcFNaZ29CWjhsalNBUko3MTBtbjBVQV9hUE1xT3ZIRFhLWGtiWHdqNlJaT05kQmRj?oc=5,neutral,0.8634049892425537
Analysts Are Upgrading These 3 Massive AI Stocks After Earnings - MarketBeat,"Tue, 29 Jul 2025 07:00:00 GMT",https://news.google.com/rss/articles/CBMipgFBVV95cUxOei1ieXRla1dHc241czIwTndUTmxtLVQ1eGF2UEVrRFp4QmswbjFJT1RvVG1KZkRGenpCZTN6ZC1sbjZBWmc1VkVSZEtNZXEyU08zbGdWemVDVE1KajZySkM1ZjR5a0doTXA3eUttMnFrWG5ORERiNGZsWXl3LTZSalJLcDk0b0FrZTdUdENtUFhZLUxkcHgwSjYtUGJrV2pJMmdiMHNR?oc=5,positive,0.6119637489318848
GOOGL Stock Nears $4T Cap Ahead of Critical Earnings Report - thebull.com.au,"Thu, 05 Feb 2026 08:00:00 GMT",https://news.google.com/rss/articles/CBMilAFBVV95cUxOVjRjRXdrSVlSN2RyLTBaaWxpazJ6ZXpMUUZnMGQtS2NLRFM5bTRCVmN4QWZXdkUza2xsS3pYSEwzaVlIcks3bFNwUFJfOU5RQlZDbTVFWVc4bU13cTNnYmVLTjJPTzFFNFhSMjk3OFRpMU5keTZYcUNZX3V2NnNiN0tadmh1VjVlUm9ZR2RYZkR6Vkhs?oc=5,neutral,0.815384566783905
Dow Jones Falls Ahead Of Inflation Survey; Google Surges On Earnings - Investor's Business Daily,"Fri, 25 Apr 2025 07:00:00 GMT",https://news.google.com/rss/articles/CBMiuAFBVV95cUxPZTRBNExDcFJSM3pMMVVXa1FQSTdsZHFock9TOWZFTDNOM3k4LW9HWDJtaGJWTl9rRERFUVpmRGU0RHNXdUVQanFUdFFIb2pCcWlqNmVDVWhQdlZQcW83aWdObEdHdW4wSkVHdzRISkNYQnBCdjY2d2lRbEwxN2lvdmNscWJST2lOYkl5QkNpMTEzbHc3TFFCWjhQWVlNOEdwczJJM2prNzRVbXNSVHlITkxTWWl0MDhP?oc=5,neutral,0.5367372632026672
Alphabet Stock Is Extremely Overbought: Is A Google Pullback Coming? - Alphabet (NASDAQ:GOOGL) - Benzinga,"Tue, 25 Nov 2025 08:00:00 GMT",https://news.google.com/rss/articles/CBMiuwFBVV95cUxPTWg1TEVKd2hCTTZXR1dDZ3BmZlNGZ1hGQ0pJWFR5QzVFeFpjUGdZSEVjbkdKN0JHNkt4Zi1YTVlHY2ItUnBvT0hoYUI3dXN6NlctNFhiTkRyajlsVHlubnpRckNYT1ZqdWxrXzZURXI1VFJIX3Yyd2R3UXFMTDg3N1l3bGdoZXlON2xjUnVBMjV2TlRPTXlkM2NySGNDaXl6MjUyRDVDcjN4Y250R0dBNmhJTEowZmxZQklZ?oc=5,neutral,0.46745380759239197
"ANALYSIS | Stocks are soaring, fuelled by AI investments. Can it last? | CBC News - CBC","Wed, 20 Aug 2025 07:00:00 GMT",https://news.google.com/rss/articles/CBMicEFVX3lxTE14cGNYSjdEX2QwbU54aXZzTlBucm9NRG1tdFhJWTVsR2NDUTd4amx0QjFsdzBkSzc0QXh3cGttTUlMQU53bURQZ0t5TXJuQjk3a0lfNUY4UC1PWVpoenNNOEZybHhoVG9fMUhuUTc5Zmk?oc=5,neutral,0.6854240894317627
Alphabet Stock: The Market Is Missing The Bigger Picture (NASDAQ:GOOG) - Seeking Alpha,"Mon, 17 Mar 2025 07:00:00 GMT",https://news.google.com/rss/articles/CBMinAFBVV95cUxOR1NjM3lhRnpwUkhBYkZQYVZsUUEtXzlscXNHYnhVUDhlTnM4ejZCVmsyMWtfMFJfa3hKOHdfdkw1U21EaExPOTNheTF4cGF2VHhMOWNaZGkyWWxWSG4tblhyeUNYcWNrbms2UkoxdHZFejg2M3liRlFqZ2ZVNnhEOVR4QzdjMUhOS2k4dWtFazEzNEFqOE9GT2NsU3A?oc=5,negative,0.8085165023803711
"Cloud Market Share Q1 2025: AWS Dips, Microsoft And Google Show Growth - crn.com","Thu, 08 May 2025 12:44:07 GMT",https://news.google.com/rss/articles/CBMipwFBVV95cUxNRElSbGQyMDlSeFgzVGRteDFGTDlMREROTGZZbFpZTHpVRHJZek94Vl9VQmNPSGZwRlRqajJodFlfVDhHVUJBdHp6X3VRTnBzcmpFamdIX2JmbmtELXA1cHo0ZmxRSXQ1TllOR0Z3d2Q1X3JmTVJ5a0ZtS0VuUXd1bGRlQVBtcWRBazRKMVNMUElrV0Q5ZXhPNTd0dGJuVURlX3lJQVJZTQ?oc=5,positive,0.4120994806289673
GOOGL|Alphabet Inc Class A|Price:298.520|Chg%:-2.40 - TradingKey,"Thu, 10 Apr 2025 23:33:09 GMT",https://news.google.com/rss/articles/CBMiZEFVX3lxTFBFQTZtb1ZZaEVRVlV3dVMwOGZ5Zm40NlRQQWVUS2ROWUFsTERFMFpJQzJXZVkzUXl2Q2lMU3lYNVB0WGFMSnpaUzNubnBJeWo4MUR5TEU1aXBKenRjbTB5eV9uNHo?oc=5,neutral,0.8871843814849854
Alphabet: Google Cloud Is Taking Market Share From AWS And Azure (NASDAQ:GOOG) - Seeking Alpha,"Tue, 04 Mar 2025 08:00:00 GMT",https://news.google.com/rss/articles/CBMipwFBVV95cUxNSXdjYmxQd2R5MHBVX1dwSG4yZXJGd0pEXzFrNnd4WlRTazRJNGhYM1NCOFc0LWlyVVpFa1lxT2Rsa2h0SjVkWm1PYUhBOHVFWUtRYU5MbDMwVmZPM3NUdzNvaU5DQ1pfREV3Z1FJNmgtYUhsZmRxajI4VExCSVMwb0dXYkg0T3NNamJ6VXBnSnVGdW5vX015T0lTNlZrRXRkUEpsYk5Faw?oc=5,positive,0.8563877940177917
GOOG Stock Analysis: Get Ready for a $2 Trillion Market Cap - InvestorPlace,"Tue, 20 Feb 2024 08:00:00 GMT",https://news.google.com/rss/articles/CBMipAFBVV95cUxOanBEcWVudGI4WHY2NlY0Y3pzNHphLXpaMWpYUFlmbGt0dGNvNHFlRmthakVlVm1FWEdUWWZOY2R1WENyVGx0dVlycVZFeE53dl8tMWFQRXJ0WkNGMG1WWVpPTGFTeXBmVHVrZmJfSjNRUnJtZkJidTVRQWZsaXo2RWZVMkxDRFR1S1ZLSldxMk9waUw3NlRycWp4dmhGVDlzOGZQXw?oc=5,neutral,0.8784140348434448
Alphabet Inc. (GOOGL) Stock Analysis: AI-Driven “Top Pick” - The Globe and Mail,"Tue, 26 Nov 2024 08:00:00 GMT",https://news.google.com/rss/articles/CBMi1AFBVV95cUxOX253OTh1YmZKNUtQRmhod040QVdTUldxMDZaYlNnck9hYkVyVXZaZnBZaGNYRS1yd05fTzdmUDZNZlQ5QTNqbkFDNTEwZFg2alZqZ0dnOUxQZkxQaFJxUS1Vb0s3US1fZ2tlc3BNNmUxOWFEMmt2ekhETk1IZTVvMzZ3OUVaSi1Ga3JCVklzMWZKbXhVU2k3LWd3cmgzQUI1VG9xbk1Kb2RRVFptaFptZEhCc0FzQXVrcnhOUm1JS3hNS2o0b2FmZGM3eU9TOEtDV2FxYw?oc=5,neutral,0.8534399271011353
Relative Valuation: Why Our Industry Analysis Arrived at Alphabet Inc. (NASDAQ:GOOGL) - Yahoo Finance,"Tue, 05 Apr 2022 07:00:00 GMT",https://news.google.com/rss/articles/CBMijwFBVV95cUxPa19fVEM1SV9DRk1KZ2pZY3pvbjJCZDg5LWZ3dWh6N0hXcWhTeWltQTExRXpXQ0RfSmYyazZtYUNWRGJLMlZIZC0xYTh1ZHBhVFFsdkdyZzFHa1V0cF9xM255N05GN3cwZEVhLWRuUTJGSG4ySjkzZWtGUVhRSnBSSUZ5cW5TbURST2VIejViQQ?oc=5,neutral,0.933405339717865
Google shares bounce on Gemini 2.0 launch - MoneyWeek,"Thu, 12 Dec 2024 08:00:00 GMT",https://news.google.com/rss/articles/CBMiggFBVV95cUxOUnc4YVBrN1FrQ3Z6dU1lQTZOTldMd0JrM1VvLWFyTVRIemRwUkhHUkJQN2RBQWVXSldwNF83dFZ2cDlhY1BqMDl3bHFEbmJ1UjJHV0ZSaUZFMmtUU2UwYzZiMlVjT0hlS2dYNnhxcFkxdFVBelNiNkJUTFVGbFQ0aXpR?oc=5,negative,0.5993561744689941
"How Microsoft and Google Are Answering ChatGPT, What It Means for the Stocks - markets.businessinsider.com","Wed, 08 Feb 2023 08:00:00 GMT",https://news.google.com/rss/articles/CBMixgFBVV95cUxNU0lhdHA4cDdhWEJXRV9tUW44T1ljQzV2ZkVXY2xvZU1DSnNHU2lzV1ZYbkY3ZTF5dE9iRUtMRXRGa2l1dHlxeUh0Y3VNc3k0OG5seGN1OEtKRC12YjdPRG5XOHNrWVdpcmVyRVVUOThRNU1SM1pTWVhuQjc2ZG50dlktS3B4SkJ6U0lwWjRheTlLMjcyM2dYNDdhZDFXX1NISzJsSGJNOHYzNjc5bDBPU1NpeEdtb0ZhdFlKV2lWMXlCczdfVFE?oc=5,neutral,0.9471890926361084
Google Stock Says A Lot About This Market - Investor's Business Daily,"Fri, 07 May 2021 07:00:00 GMT",https://news.google.com/rss/articles/CBMilgFBVV95cUxOMDg5XzNNZldEbjNLQXpldkNtbzY3ZFNyRnpiREF0d2lENzZyYjJsYkdFUGZRejBaeUhYT3dTdkhsVVBqc0M4cnh4R3RSaHFKVDlKUEE1aGdPdXY3b3U4T2xCNjhvNDFzTXVLVmN1UFJWTUZaYVhJVXdSNlRzMFR5dmFReS0wME4tU3FyNUlSc2tsTU96QkE?oc=5,neutral,0.9279326796531677
"Alphabet Stock Price | GOOGL Stock Quote, News, and History - markets.businessinsider.com","Wed, 27 Jun 2018 19:47:09 GMT",https://news.google.com/rss/articles/CBMiZEFVX3lxTFBFYXZGZVNBYS04YmpwVFpndjNDVVJ5THR5eWkwbmRTRXl4aVJ3X295MTRYUXc2Z0J5eEt6QkdLazZNUXg5emVabS1xNjM1WF9fS0tiRzlyUXBSOWg3a1J3RTJqMkI?oc=5,neutral,0.93198162317276
GOOG Stock Price and Chart — NASDAQ:GOOG - TradingView,"Thu, 20 Jul 2017 05:08:31 GMT",https://news.google.com/rss/articles/CBMiXEFVX3lxTE1GOWdVNXhWTUtEZkgxNGNGa0ltU3ZYamR4dzVxYzdIVndZLUx3R1FUbXZZa0RKU1VXWTA4ZmR1ZHZsMnRqYmt4SHdLd21ZemZUNFRCRlh1WFJTeUV2?oc=5,neutral,0.9379376769065857
"Google owes UK news industry £2.2bn from 2023 alone, claims new research - Press Gazette","Thu, 30 Jan 2025 08:00:00 GMT",https://news.google.com/rss/articles/CBMirAFBVV95cUxNT3NXcjJhXzYyMGdCenFVUFRLVl9aTmdpMXJiQW9SNFh5OTl5NHJXVFdYMEI2aGp4TUNjTnA2bC1YME1BVVlkdTI1QWRueTlnaGpMS3JCN2xQMlEtY21waC16NEplcTlYbEQwYWJabVpOMHJ0M01LTWN3VF85UjJrR1ZUTmJVamRBcDdISVJLanlpOTM0Nk5kdVNsRDBEODJUSnVUejh5WkZQUUgw?oc=5,neutral,0.8096552491188049
Google halts Play Store 'review bombing' by GameStop traders - BBC,"Fri, 29 Jan 2021 08:00:00 GMT",https://news.google.com/rss/articles/CBMiV0FVX3lxTE14MW5LcTdPejVGTkdXT3BCTHE0ZE9GQV9BS3FJampKek81T09xOW9uS2pteW5xMGFnV3lsNncxQzFJcllmc295WUU3T1BJclRUWVRpN1hBcw?oc=5,negative,0.8418161869049072
The New Stock Gems: Which Top IPOs Are The Next Googles Or Ciscos? - Investor's Business Daily,"Thu, 11 Jan 2018 08:00:00 GMT",https://news.google.com/rss/articles/CBMihgFBVV95cUxOVHJYdk9jeHdIUEJud0hHN1JxRWxwZWJmSmFPMUdCcmR6Q3ZWOVU0WTZ3dG1zSVV0MGlQNUV4MEhuVlhVNVpQYnVqcEJaU1JrckgtWG1LQzdxdzZTaVI3am5nNm4wUV9VS1NPQ1dRci1mR3RnNV83cmt2cjF0RmNaRDY1UmV4UQ?oc=5,neutral,0.9480175375938416
Google halts Play Store 'review bombing' by GameStop traders - BBC,"Fri, 29 Jan 2021 08:00:00 GMT",https://news.google.com/rss/articles/CBMiWkFVX3lxTE00RVNfMWRzUVhRa0Q2WDl5al9tNlgwWGhzbzhqVG1hTk5DYjI2MnJDNzVqZkwxc0xISEtTN250aHhEY0RzdTA1MFR0a0k2TW9QTVAzM2NZWmdzdw?oc=5,negative,0.8418161869049072
How Google (Alphabet) Makes Money: Advertising and Cloud - Investopedia,"Sat, 25 Mar 2017 00:04:04 GMT",https://news.google.com/rss/articles/CBMif0FVX3lxTE5PelBCODRPVVl5U2RsUzRBbWs0NzRyUHZHV2c2UlIwaTlvZkotcWFrNHNrektiRHVPNXR1bXBjU3NCWUpnOGhzdkEyZ1BuUkNZcFM2VGNMcHhSMmxNV1UzSVVWODdUWTZEVXlCaGxKS3ZtaGY1Q1ZLZko5LTB2dkE?oc=5,neutral,0.9393366575241089
"Google, Facebook 'Digital Duopoly' Seen With 67% Of Mobile Ad Market | Stock News & Stock Market Analysis - IBD - Investor's Business Daily","Tue, 03 May 2016 07:00:00 GMT",https://news.google.com/rss/articles/CBMiqwFBVV95cUxNVGxYbFc1a1JxbkFKMjNRR0QybHpULUJlR0xSLWoyOHk1QUxHbmw0TUpaeGJaVDJPeDhWRlpmMVVIeTE3dTAyM3d6UDFwYzFHeTgyZDdLNEVxVnN2dy02UWJEb1Nmb0xvOWh3WWh2T0s3dWJ0VlVLRXA3SE5UdWMxMGc4S2Q1M3puaHZlcTdYckFOa2JrR0FoeFlWWktsRUlMbHNTNXpSSi16a0E?oc=5,neutral,0.8863148093223572
"Google Bard, ChatGPT giving stock ideas. But should investors say aye to AI? - The Economic Times","Fri, 19 May 2023 07:00:00 GMT",https://news.google.com/rss/articles/CBMi4AFBVV95cUxQdC1sdU9BT3AtV0k2cmVkMkFNSFB3UVNJazhtN3d0R3BEWDYtT1ZDeV9BWEFuZlFQWUQ3MzA5MGZnYTlnOUlLaU1kcThUMkdtSHFZcUlWdERhck83NXpjOFNXem9oVGlIZEtGSzJtZUhVVEFpdzF0aHNMLXZBTXU1ZWhkZ2VoYnpZVXhzTkJ4VUIta0VTV3JQUlh3ZzZ4WEdfcTQzQ1k5NFNMLUozNUEtZ2oyQjNvanN2SFNyNVdhbkZhV1hDNDJzdGhweW9mVDRSaG1GcUdxaWhBcjJUZlcwV9IB5gFBVV95cUxOUTJnWEtRYzRhcHJqbnVaeWxyQVBqVlk5RjY5ZGtiaE90b3NFQVh4NUotSU53VXhIXzJ4RkJzV09tTF9FQTRvbnp2bzRHMmFTNW5hWUZpZk1yY2JTSjMyU1lpRUhGTXdTdWZiZmRaeHQtdl95VERWc1ZTMlpkYllZSlNTTzM0d3BSMmZrU3FpRURReFpJZk8yZUJ3V3dOaUpYWFlYUU1qWFBYSmhjb0hkQVVSM0dXVXY2bFRaYVQzaFlWYW5ncU8weHkzTllIbHNwUFVpb2JvWnZuQUd3OHNxNlhkQUM0dw?oc=5,neutral,0.9298005700111389
Google search patterns reveal early signs of stock market movements | UCL News - UCL - University College London,"Thu, 25 Apr 2013 07:00:00 GMT",https://news.google.com/rss/articles/CBMiogFBVV95cUxNejFyTU5SbTBEZy1Wdml6ak1RZDZsdmpMdkJfcnVXWDdGdVk0SVZpT0VKRXpybmNVdjBLb2lub1oyUmZFUkp2TmRZajFjcFJOTHUtdHhwWGRCUlVUbFpPUGJveDZwOW40bG9fS0prSzFEVkdkNnQyS3RyY0lWdEFpZ2xwUExzUWp4UlFXdDFadi1YbV9ZR2tpVE9sQktvNTZwTkE?oc=5,neutral,0.8952873349189758
Alphabet (GOOGL): Analyst Forecasts $5T Market Cap in 2027 - Watcher Guru,"Fri, 16 Jan 2026 08:00:00 GMT",https://news.google.com/rss/articles/CBMihwFBVV95cUxOZXFXai12ZG9IYXRjLUlsQkNPaVBTMzRqZEhDSjMycWFKZHVZQ2s0bmNMS1Y5aDJUblpDZWU0aFpPeFRDNXJKMFJKaTY1RkNVSS1CZnhpaXljZmt4VUNMTUk5TTAzWlF4Z1BCZFA3UXNqTHNjaGNjbTl4U2hraXZmMlZrcDRRdkU?oc=5,positive,0.4036027491092682
